artist_id,name,country,genres,tags,popularity_score,follower_count,active_since
A0000,Allison Hill,JP,Electronic,"trance,2010s",0.03112539,1000,1979
A0001,Noah Rhodes,UK,"Electronic,Latin,R&B","night,melancholic,classic,neo-soul",0.22998366,3000,1966
A0002,Angie Henderson,SE,Rock,"mainstream,drums",0.1889317,1000,1997
A0003,Daniel Wagner,DE,Folk,"modern,funk,love,american",0.08663527,1000,2017
A0004,Cristian Santos,US,"Indie,Ambient","remix,piano,groove,underground,latin",0.07167794,5000,1992
A0005,Connie Lawrence,AR,"Ambient,Country,Folk","80s,synth,groove",0.22337638,3000,1997
A0006,Abigail Shaffer,JP,Classical,"neo-soul,piano",0.18197091,13000,2000
A0007,Gina Moore,JP,Folk,"folk-rock,latin,road-trip,experimental",0.08186857,1000,1984
A0008,Gabrielle Davis,US,"Metal,Electronic,Pop","synth,european,techno,soul",0.031239565,2000,1967
A0009,Ryan Munoz,UK,"Hip-Hop,Classical","party,fast,ambient",0.04116006,6000,1991
A0010,Monica Herrera,UK,"Latin,Indie","lo-fi,techno",0.15325594,1000,2014
A0011,Jamie Arnold,KR,"R&B,Folk","remix,guitar,love,instrumental",0.45713896,5000,1979
A0012,Lisa Hensley,DE,Hip-Hop,"guitar,trance,piano",0.5037684,1000,2014
A0013,Michele Williams,BR,Classical,"summer,underground,remix,group,trap",0.03808209,6000,2013
A0014,Dylan Miller,UK,"Jazz,Electronic,Hip-Hop","spoken-word,drone,energetic,heartbreak",0.16628644,3000,1975
A0015,Brian Ramirez,US,Pop,"love,latin,heartbreak",0.06396868,2000,1996
A0016,Holly Wood,CA,Electronic,"guitar,workout,experimental,rainy-day",0.34466046,1000,2007
A0017,Derek Zuniga,US,"Classical,Pop,Blues","heartbreak,2000s,electric,rainy-day,piano",0.190533,1000,1991
A0018,Lisa Jackson,BR,"Jazz,Country","instrumental,modern,underground",0.24784401,303000,2004
A0019,Carla Gray,AU,Country,"art-rock,chill",0.19749326,1000,2017
A0020,Margaret Hawkins DDS,JP,"Rock,R&B,Folk","duo,summer,morning,solo,dance",0.35905853,133000,1999
A0021,Patty Perez,UK,"Folk,Classical","british,piano,night,house,energetic",0.15265538,5000,2012
A0022,Ethan Adams,AR,R&B,"chill,vocals,instrumental,electric",0.44793895,1000,2010
A0023,Tommy Walter,NO,Classical,"noise,funk,a-cappella",0.07690015,1000,2011
A0024,Matthew Foster,JP,Electronic,"2010s,neo-soul,trance,american",0.3711512,1000,2013
A0025,Judy Baker,US,"Ambient,Country","modern,progressive,night,winter",0.33082518,1000,1974
A0026,Justin Baker,UK,"Reggae,Jazz,Ambient","art-rock,african,upbeat,group",0.07119938,322000,1961
A0027,Stephanie Ross,US,"Folk,Rock,Latin","soul,duo,techno,90s,lo-fi",0.48927188,1000,1969
A0028,Zachary Hicks,US,Latin,"post-rock,road-trip,60s,cover,energetic",0.14979535,1000,1975
A0029,Anthony Rodriguez,DE,"Reggae,Latin,Ambient","70s,choir,fast,female-vocal,folk-rock",0.17160182,5000,2003
A0030,Rebecca Henderson,FR,"Electronic,Folk,Blues","noise,latin,80s,mainstream,2010s",0.013005485,2000,1992
A0031,James Ferrell,AR,Folk,"guitar,rainy-day,groove,chill",0.022445984,1000,1989
A0032,Tricia Valencia,US,"Ambient,Jazz","modern,funk",0.26024333,1000,1960
A0033,Nathan Maldonado,UK,"Electronic,Ambient,Hip-Hop","trap,guitar,heartbreak",0.4204055,10000,2003
A0034,Debra Davidson,UK,"Latin,Metal,Rock","80s,instrumental,energetic",0.060840987,8000,1982
A0035,Jeffrey Chavez,US,"R&B,Indie","love,winter,drums,study,piano",0.66569746,2000,2007
A0036,Sherri Baker,US,"Reggae,R&B,Ambient","vocals,psychedelic",0.43692517,1000,1967
A0037,Cassandra Gaines,UK,Country,"70s,male-vocal,spoken-word,folk-rock,night",0.2885669,5000,1978
A0038,Elizabeth Fowler,US,"Blues,Jazz","modern,drums,fast,choir,soul",0.44802693,1000,1963
A0039,Brittany Farmer,DE,"Ambient,Reggae,Blues","bass,british,morning,upbeat,dance",0.45608202,2000,1977
A0040,Paula Moreno,UK,"Reggae,Electronic","british,solo",0.022337796,1000,2018
A0041,Fred Smith,BR,"Folk,R&B","synth,night,winter,live,drone",0.023349214,4000,1990
A0042,Sherry Decker,FR,Blues,"neo-soul,acoustic,drone,solo,cover",0.061933853,11000,1987
A0043,Anthony Humphrey,US,"Classical,Latin,Blues","female-vocal,post-rock,classic,male-vocal",0.42170635,1000,1977
A0044,Angelica Tucker,BR,Jazz,"60s,chill,lo-fi,neo-soul",0.14395271,12000,1976
A0045,Philip Cannon,BR,"Blues,Metal,Country","love,experimental,guitar",0.055566363,4000,2002
A0046,John Pierce,UK,"Classical,R&B","2010s,electric,vocals",0.10872376,1000,2022
A0047,Shane Henderson,US,"Electronic,Jazz","guitar,party,slow,experimental",0.25631383,1000,2007
A0048,Joshua Blair,DE,"Electronic,Country","fast,synth,noise,upbeat",0.32330665,2000,2006
A0049,Eric Carney,US,Jazz,"chill,studio,modern,rainy-day,female-vocal",0.11630624,1000,1989
A0050,Jessica Holmes,US,Ambient,"psychedelic,winter,noise",0.29979604,1000,1966
A0051,Danny Morgan,US,"Electronic,Classical,Reggae","upbeat,classic,live",0.31654078,10000,2005
A0052,Crystal Robinson,JP,Reggae,"male-vocal,slow",0.53769135,1000,2010
A0053,Mark Perez,DE,"Reggae,Rock,Metal","trap,workout",0.24095972,1000,1992
A0054,Shannon Jones,FR,"Folk,Country,Pop","dance,experimental,groove",0.8161625,1000,1965
A0055,Michael Lewis,JP,Reggae,"techno,vocals,trap",0.16994384,3000,2004
A0056,Timothy Duncan,UK,"Metal,Country,R&B","group,2020s,80s",0.10390266,1000,2018
A0057,Richard Aguirre,CA,"Jazz,Reggae,Blues","acoustic,lo-fi",0.3855564,1000,1974
A0058,Brent Jordan,US,"Folk,Indie,Reggae","classic,winter",0.5154047,1000,1970
A0059,John Daniel,US,"Ambient,Country,Folk","slow,studio,modern",0.049942415,2000,2006
A0060,Victoria Garcia,DE,"Classical,Reggae,Metal","latin,melancholic",0.10106628,1000,1980
A0061,Gerald Hensley,UK,Jazz,"american,slow,instrumental,female-vocal,morning",0.25633138,22000,2005
A0062,Connor West,CA,"Classical,Pop,Country","80s,trap,chill",0.4136695,1000,2004
A0063,Donald Wright,JP,Classical,"a-cappella,chill,latin",0.0612029,1000,1976
A0064,Jessica Callahan,AU,"Hip-Hop,Blues","post-rock,african",0.22064282,1000,1962
A0065,Amber Kidd,CA,"Reggae,Classical","guitar,slow,female-vocal,psychedelic",0.53655714,14000,1995
A0066,Tracy House,CA,"Electronic,Country,Metal","instrumental,2000s,choir,upbeat",0.2764045,2000,1985
A0067,Carol Tucker,US,"Metal,Latin","70s,live",0.17838459,2000,2013
A0068,James Brown,US,"Latin,Reggae,Classical","2020s,road-trip",0.5895715,2000,1982
A0069,William Baker,UK,"Jazz,Latin,Metal","2000s,progressive,instrumental,spoken-word",0.34128997,8000,1975
A0070,Jordan Henderson,US,"Reggae,Latin,Hip-Hop","bass,a-cappella,cover,summer",0.39761794,13000,2014
A0071,Whitney Peters,UK,Reggae,"folk-rock,mainstream,studio",0.5133405,1000,2006
A0072,Brittney Phillips,SE,"Indie,Rock","piano,guitar,group",0.3188427,1000,1998
A0073,Lauren Daniels,US,"Electronic,Classical","choir,heartbreak,acoustic,drums",0.17716782,3000,2020
A0074,Amy Silva,US,"Folk,Indie,Jazz","british,neo-soul,2010s",0.328104,1000,2009
A0075,Sarah Moore,US,"Ambient,Rock,Pop","70s,2010s,trance,lo-fi",0.26759198,1000,2014
A0076,Angela Lopez,US,"Pop,Indie,Electronic","noise,studio",0.11265456,36000,2010
A0077,Megan Young,DE,Country,"melancholic,piano",0.6888073,1372000,1985
A0078,Steve Sanchez,CA,"Reggae,Hip-Hop,Latin","british,2010s,modern,spoken-word",0.3149943,1000,1963
A0079,Lisa Barnes,JP,"Classical,Indie","folk-rock,love,british,progressive,bass",0.40913764,2000,1998
A0080,Kelly Donovan,DE,"Reggae,Classical","night,male-vocal,american,cover",0.33289436,1000,2008
A0081,Mike Allen,UK,Indie,"a-cappella,group,mainstream,african",0.042233553,1000,2022
A0082,Michael Evans,BR,"Metal,Hip-Hop","solo,2020s,heartbreak,90s,60s",0.29627892,114000,2002
A0083,Paul Jones,US,Indie,"lo-fi,energetic,studio",0.114059,1000,1995
A0084,Zachary Ferrell,US,"Blues,Latin,Classical","a-cappella,underground,remix",0.07996515,1000,1996
A0085,Daniel Baker,US,Rock,"guitar,dance,art-rock,electric,workout",0.21123187,1000,1967
A0086,Shirley Suarez,FR,"Metal,Country","folk-rock,electric,underground,ambient",0.1843508,1000,1960
A0087,Christopher Bass,UK,"Latin,Rock,Metal","vocals,electric,ambient,dance",0.54686105,7000,1962
A0088,Lisa Archer,US,"Ambient,Electronic,Blues","vocals,group,american",0.14795358,2000,2017
A0089,Aimee Montoya,CA,"Country,Rock","instrumental,folk-rock,70s,funk",0.11630071,1000,2009
A0090,Matthew Mcmillan,US,Metal,"study,remix,underground",0.13927959,2000,1976
A0091,Brian Rodriguez,DE,"Indie,Country","chill,2010s",0.37324393,2000,1986
A0092,Denise Jacobs,UK,"Country,Jazz,Latin","melancholic,energetic",0.04434797,1000,1990
A0093,Christina Walters,UK,Country,"70s,male-vocal",0.3439215,1000,1975
A0094,John Whitehead,US,Metal,"choir,drill,energetic,noise,african",0.22849302,7000,1986
A0095,Anna Henderson,AU,Electronic,"party,summer,2010s,experimental",0.33509377,3000,1981
A0096,Aaron Wise,UK,"Metal,Ambient","soul,60s,studio",0.19164784,1000,2003
A0097,Deborah Figueroa,US,"Metal,Electronic,Rock","studio,upbeat,dance,noise,solo",0.33686605,1000,2007
A0098,Jessica Smith,US,"Country,Pop","piano,noise,latin,dance,trance",0.33732966,4000,1966
A0099,Stephen Mckee,AR,"Hip-Hop,Metal","summer,classic,spoken-word",0.10769412,1000,1989
A0100,Sandra Aguilar,NG,"Indie,Electronic,Folk","trance,funk,classic,heartbreak",0.035519425,1000,2022
A0101,Cameron Parker,DE,Folk,"latin,american",0.32118365,6000,2014
A0102,Rebecca Valencia,US,Hip-Hop,"acoustic,mainstream",0.2668865,1000,2010
A0103,Christine Wright,AR,"R&B,Pop","house,british,winter,a-cappella,spoken-word",0.22156692,2000,2006
A0104,Richard Henson,JP,Ambient,"2020s,slow,trance,british",0.4009454,12000,1960
A0105,Marc Moore,FR,"Hip-Hop,Classical,Latin","spoken-word,party,study,acoustic",0.06057107,1000,2021
A0106,Sharon Cherry,UK,"Ambient,Country","morning,workout,vocals",0.24925679,1000,2006
A0107,Sierra Johnson,US,"Electronic,Latin,Jazz","female-vocal,piano,slow,cover,road-trip",0.0444222,25000,2015
A0108,Evelyn Galvan,US,"Rock,Pop,Classical","latin,psychedelic,workout,winter,piano",0.024365453,1000,2017
A0109,Sharon Cochran,NG,Latin,"cover,noise,dance,mainstream,european",0.26354775,1000,1976
A0110,Richard Rodriguez,UK,"Indie,Metal,Pop","party,mainstream,winter,study",0.15899652,2000,1960
A0111,Shannon Walker,US,"Indie,Hip-Hop","spoken-word,drone",0.5078188,24000,2001
A0112,Julia Torres,US,Jazz,"road-trip,fast,upbeat",0.09887047,2000,1988
A0113,Crystal Johnson,CA,Rock,"synth,art-rock,piano,mainstream,study",0.28075415,3000,1961
A0114,Garrett Lin,US,"Classical,Pop","morning,90s,mainstream,underground,2020s",0.3430224,1000,1977
A0115,Diana May,SE,"Ambient,Folk,Country","african,piano,bass",0.093886584,3000,2022
A0116,William Herrera,JP,Reggae,"drill,duo,drone,soul,drums",0.2808653,1000,1982
A0117,Ashley Waller,FR,Folk,"solo,groove",0.14119211,1000,1976
A0118,Victor Baker,UK,"Hip-Hop,Jazz,Metal","live,2020s,piano,winter,instrumental",0.2570197,2000,2001
A0119,Jeffrey Chandler,AU,Blues,"african,summer,post-rock",0.19547169,1000,2001
A0120,Larry Dixon,AU,"Latin,R&B","latin,vocals,solo",0.10575695,1000,1980
A0121,Kenneth Scott,DE,"Classical,Indie","fast,energetic",0.14328815,1000,2013
A0122,April Frost,US,Ambient,"workout,live,energetic,road-trip",0.1543224,1000,1996
A0123,Michelle Harmon,UK,"Reggae,Latin,Electronic","acoustic,techno,slow,60s,cover",0.120345995,2000,1970
A0124,Helen Jones,US,"Hip-Hop,Indie,Folk","solo,ambient,energetic",0.21189283,1000,1980
A0125,Erin Edwards,UK,Blues,"lo-fi,art-rock",0.17769293,1000,2013
A0126,Michelle Evans,US,Jazz,"dance,neo-soul,melancholic,modern",0.11603909,1000,1965
A0127,Jason Powell,US,Hip-Hop,"mainstream,spoken-word,70s,latin",0.20470613,2000,1960
A0128,Cameron Fisher,US,"Jazz,Classical,Country","upbeat,european,house,slow,trap",0.16533132,1000,2001
A0129,Megan Orr,AU,"Blues,Country","vocals,guitar,classic",0.13410479,1000,1987
A0130,Elizabeth Kelley,US,"Electronic,Metal,Rock","chill,90s,american,british",0.13532317,2000,1975
A0131,Dustin Jordan,KR,Classical,"neo-soul,winter,progressive,trap",0.10829235,2000,1989
A0132,Mary Marshall,AU,Electronic,"rainy-day,ambient,art-rock,2000s",0.5424332,2000,1971
A0133,Daniel Kennedy,US,"Blues,Rock,Classical","study,70s,drone,piano,soul",0.366198,1000,1983
A0134,Rebecca Jackson,AU,"Blues,Country,Rock","synth,dance,latin",0.47048312,2000,1974
A0135,Jose Schultz,US,"Rock,Ambient","group,ambient,drums",0.43920675,4000,1996
A0136,Robert Potter,MX,"Classical,Country,Hip-Hop","a-cappella,remix,80s",0.17494489,1000,2002
A0137,Courtney Gonzalez,UK,"Latin,Country,Metal","2010s,2020s",0.22681375,1000,2017
A0138,David Alvarez,JP,Country,"group,noise",0.02064958,3000,1964
A0139,Angel Perry,US,"Indie,Reggae,Metal","african,modern,upbeat,female-vocal",0.26082706,1000,1980
A0140,Cheyenne Horton,UK,"Indie,Folk","energetic,a-cappella,summer,underground",0.20793013,1000,1976
A0141,David Douglas Jr.,UK,Folk,"morning,experimental,road-trip",0.027956933,1000,1996
A0142,Patricia Rodriguez,KR,"Rock,Folk,Classical","2010s,trance,underground,funk,solo",0.16544794,14000,1993
A0143,Christopher Rubio,CA,"Electronic,Latin","neo-soul,synth,art-rock,ambient,experimental",0.60327995,1000,2015
A0144,Amber Wright,UK,"Indie,Latin,Jazz","bass,fast",0.0872432,1000,2017
A0145,Joyce Solis,US,"R&B,Blues,Jazz","group,soul,african,rainy-day",0.4121595,1000,2008
A0146,Victoria Larson,US,"Ambient,Folk","rainy-day,neo-soul,ambient",0.09624884,1000,1972
A0147,Stephanie Salazar,CA,"Classical,Jazz,Rock","2010s,groove,techno,a-cappella,solo",0.54310113,1000,1962
A0148,Kathy Rivas,UK,"Country,Pop","trance,lo-fi",0.15772268,7000,2016
A0149,Stephanie Manning,US,Reggae,"modern,european,studio,bass,70s",0.13130803,1000,2019
A0150,David Wright,BR,"Hip-Hop,R&B,Metal","90s,electric,a-cappella",0.6534675,2000,1975
A0151,Pamela Boyd,NO,Blues,"energetic,trap,bass,instrumental",0.116971634,1000,1962
A0152,Denise Jones,US,"Pop,Blues","post-rock,african,duo,guitar",0.22806916,1000,2002
A0153,Devon Flores,CA,"Hip-Hop,Reggae","group,night,male-vocal,bass,90s",0.42243436,3000,1997
A0154,Brenda Hall,US,"Reggae,Classical","soul,melancholic",0.048063286,1000,2015
A0155,Michelle Brown,DE,Folk,"neo-soul,melancholic",0.020821534,2000,1996
A0156,Joshua Perry,US,Metal,"mainstream,night",0.22251666,2000,2007
A0157,Jason Stein,DE,Blues,"soul,african,2020s,choir,dance",0.16318128,4000,2009
A0158,Melissa Gates,FR,Ambient,"fast,latin,love,upbeat,group",0.116555735,2000,1960
A0159,Jamie Smith,JP,"Ambient,Latin,Country","progressive,vocals,classic,heartbreak",0.3236363,1000,1969
A0160,Paul Castaneda,US,"Blues,Latin","psychedelic,lo-fi",0.42625567,1000,2009
A0161,Jennifer Adkins,NG,"Pop,Hip-Hop","soul,road-trip",0.23668206,1000,1971
A0162,Lindsey Walker,US,"R&B,Jazz,Country","drill,modern,road-trip",0.37655228,3000,1972
A0163,Jeffrey Johnson,US,"Blues,Rock","upbeat,modern,electric,instrumental,duo",0.26274914,1000,2007
A0164,Michael Powell,CA,R&B,"2010s,synth",0.18752563,1000,1972
A0165,John Anderson,UK,"Folk,Reggae","underground,90s",0.16381729,1000,1969
A0166,Alyssa Long,BR,"R&B,Country","mainstream,2000s,experimental,acoustic",0.25625503,2000,1960
A0167,Alyssa Day,BR,Country,"european,neo-soul,dance,experimental",0.23379588,4000,1989
A0168,Joel Williams,US,Metal,"fast,a-cappella",0.35710442,1000,2000
A0169,Daniel Murphy,MX,Blues,"post-rock,drill,trance",0.049844716,2000,2006
A0170,Jamie Walton,US,Folk,"slow,folk-rock,2000s",0.18610875,1000,2017
A0171,Darlene Miller,CA,"Rock,Jazz,Pop","modern,dance,summer",0.07209804,4000,2001
A0172,Joshua Cooke,US,"Ambient,Latin,Indie","instrumental,classic,choir,morning",0.07384657,14000,2007
A0173,Matthew Harrington,KR,"Latin,Electronic","fast,morning,studio,female-vocal",0.34653166,4000,1973
A0174,Nicole Herring,US,"Classical,Folk","70s,folk-rock,group",0.28433865,1000,1981
A0175,Alex Hernandez,US,Pop,"latin,study,90s,psychedelic,modern",0.20645809,1000,1979
A0176,Michael Elliott,UK,R&B,"dance,guitar,piano,party,acoustic",0.009786569,1000,1964
A0177,Michael Wang,IT,"Metal,Jazz,Electronic","bass,60s,techno,male-vocal",0.016760232,23000,2021
A0178,Lawrence Adkins,NO,"Folk,Classical","post-rock,melancholic,upbeat,vocals,winter",0.19547588,1000,1975
A0179,Robert Oconnell,FR,"Electronic,Reggae","road-trip,dance",0.19026935,1000,1988
A0180,Alexander Collins,NO,Country,"spoken-word,heartbreak,funk",0.2683839,2000,1982
A0181,Tina Sanders,NO,"Blues,Jazz","duo,workout,american",0.10133657,1000,1962
A0182,Angela Vaughn,CA,"Pop,R&B","90s,heartbreak,fast",0.04497831,4000,2016
A0183,Ashley Barton,US,Reggae,"choir,modern,noise,male-vocal,guitar",0.28557447,6000,1973
A0184,Lindsay Martinez,JP,"Classical,Folk,Pop","70s,underground",0.19030884,3000,1966
A0185,Dr. Hannah Patterson,DE,"Rock,Country,Ambient","remix,instrumental",0.6997841,1000,1981
A0186,Jonathan Peterson,UK,"Metal,Ambient,Classical","summer,rainy-day,neo-soul,a-cappella,african",0.5517998,3000,1969
A0187,Samantha Garcia,US,"Hip-Hop,Folk,Jazz","progressive,neo-soul,noise,instrumental,2000s",0.2607239,11000,2022
A0188,Madison Poole,FR,"Reggae,Indie,Folk","upbeat,male-vocal,groove",0.09529978,1000,1971
A0189,Jessica Gross,US,"Indie,Blues","bass,british",0.3584616,1000,1979
A0190,Debra Morton,KR,"Latin,Metal,Reggae","bass,study",0.26073757,1000,1977
A0191,Karen Graham,US,Hip-Hop,"group,live,2020s",0.08928507,11000,1961
A0192,Debra Christian,US,Electronic,"techno,80s,instrumental,winter,funk",0.48266602,1000,1960
A0193,Angelica Keith,BR,"Hip-Hop,Ambient","road-trip,female-vocal",0.033208597,1000,1992
A0194,John Bishop,US,"Country,Pop,Folk","dance,energetic,90s,80s,group",0.48622432,2000,1974
A0195,Allen Rosales,US,"Electronic,Rock,Jazz","mainstream,classic",0.17562017,1000,1965
A0196,Daniel Salinas,AU,"Indie,Jazz,Latin","noise,american,love,slow",0.07630936,1000,1978
A0197,Spencer Haynes,NO,"Hip-Hop,Folk,Classical","remix,electric,soul,80s",0.12613061,1000,1977
A0198,Adam Vaughan,US,"Ambient,Reggae","psychedelic,lo-fi",0.2836395,3000,1986
A0199,Nathan Freeman,US,"Latin,Metal","female-vocal,choir",0.35859376,1000,2022
A0200,Melissa Brewer,JP,"Blues,Ambient","2010s,upbeat,underground",0.38701975,2000,1979
A0201,Ricky Davis II,AR,Jazz,"techno,live,cover",0.19628416,2000,2004
A0202,Elizabeth Perkins,CA,"Folk,Reggae","group,cover,experimental",0.13740847,20000,2008
A0203,Joseph Coleman,US,R&B,"remix,underground,techno",0.21594727,1000,1963
A0204,Erin Warner,US,"Pop,Indie,Latin","drums,2010s",0.036908202,1000,1991
A0205,David Martinez,US,"Reggae,Folk,Indie","bass,american,90s,progressive",0.3142471,3000,1988
A0206,Bryan Herrera,US,"Country,Jazz","spoken-word,british,mainstream,melancholic",0.08675095,23000,1991
A0207,Cathy Robinson,DE,"Metal,Reggae","british,rainy-day,latin",0.10058174,1000,1970
A0208,Dr. William Warren,US,"Jazz,Rock","winter,2000s,morning",0.5175635,4000,1989
A0209,Brian Lee,CA,"Latin,Indie","duo,chill,choir,2020s,rainy-day",0.17027557,3000,1967
A0210,Christopher Smith,DE,"Rock,Blues","dance,energetic,soul",0.18715583,1000,2019
A0211,Denise Mccann,AU,"Blues,Indie","party,remix,spoken-word",0.09255783,1000,1996
A0212,Melissa Martinez,US,Rock,"classic,piano,bass",0.10045879,1000,1962
A0213,Katherine Salas,BR,"Hip-Hop,Country,Rock","chill,choir,summer,underground,house",0.15936275,6000,1991
A0214,Julie Alexander,FR,Folk,"70s,female-vocal,studio,live,modern",0.16416167,1000,2018
A0215,Anthony Everett,FR,"Reggae,Latin","spoken-word,noise,folk-rock,ambient,piano",0.10896571,4000,2006
A0216,Rodney Morales,US,Latin,"guitar,group,progressive,funk,vocals",0.32844973,1000,1977
A0217,Mark Brown,US,"Classical,Latin","african,drone,european,choir,piano",0.38838637,1000,2016
A0218,Justin Torres,KR,"Reggae,Blues,Electronic","african,latin,summer,choir",0.06250731,1000,1971
A0219,Bailey Duran DDS,UK,Classical,"classic,funk",0.11563834,2000,1975
A0220,Courtney Mills,US,"Folk,Metal","female-vocal,live",0.24981189,3000,1969
A0221,Jeremy Dalton,UK,"Reggae,Hip-Hop","soul,ambient,techno,guitar",0.22344989,3000,2018
A0222,Elizabeth Oliver DDS,DE,Pop,"slow,energetic,summer,ambient,modern",0.26949728,2000,2005
A0223,Theresa Clark,MX,"Pop,Reggae,Hip-Hop","cover,neo-soul,winter",0.30138457,3000,1992
A0224,Matthew Moore,US,Indie,"classic,summer",0.3477847,1000,2002
A0225,Benjamin Smith,KR,"Ambient,Blues","fast,upbeat,american,art-rock,funk",0.21107829,1000,1976
A0226,Kirk Carter,US,Metal,"mainstream,70s,winter",0.007742786,3000,1964
A0227,Michael Warner,CA,"Indie,Classical,Hip-Hop","solo,british,live",0.041246183,16000,2013
A0228,Michael Bradshaw,AU,Latin,"cover,solo,instrumental",0.23696862,1000,2020
A0229,Lori Guerrero,US,"Pop,Folk,Country","2010s,techno,post-rock,funk",0.21903048,1000,1962
A0230,Jessica Stephens,US,"Rock,Folk","british,techno,electric,trance",0.15733302,1000,1963
A0231,Susan Serrano,UK,"Latin,Classical","drums,female-vocal",0.30841783,1000,1995
A0232,Christopher Parker,AR,R&B,"underground,drums",0.09585236,1000,1962
A0233,Laura Roberts,AU,"Pop,Metal,Indie","melancholic,choir,lo-fi,party,ambient",0.08240209,1000,2005
A0234,Michael Lyons,KR,"Latin,Country","fast,2010s",0.29707518,2000,2019
A0235,Kathryn Snyder,BR,Pop,"spoken-word,road-trip,neo-soul,vocals",0.19360466,8000,1977
A0236,Andrew Reynolds,UK,"Indie,Pop,Reggae","electric,trap,folk-rock,solo,mainstream",0.37476856,2000,1978
A0237,David Davis,JP,Classical,"electric,european,experimental,british",0.0918363,3000,2014
A0238,Sara Johnston,US,"Pop,Electronic","lo-fi,african,acoustic,soul",0.25658104,1000,1982
A0239,Yvonne Chambers,US,"Ambient,Metal,Jazz","party,2000s,60s,african,guitar",0.20362027,1000,1975
A0240,Andrew Avila,BR,"Rock,Ambient,Blues","latin,techno,night,progressive",0.21274784,24000,1965
A0241,Matthew Moon,JP,"Hip-Hop,Jazz,Rock","chill,trance",0.074354276,3000,2012
A0242,Kevin Walters,US,"Classical,Ambient","cover,60s,trance,upbeat,house",0.1586975,1000,2018
A0243,Brandon Bailey MD,CA,"Classical,Country,Folk","acoustic,studio",0.15256552,1000,1964
A0244,Shannon Rivera,AU,"Hip-Hop,R&B","80s,groove",0.0834016,2000,2010
A0245,Donna Landry,SE,"Metal,Classical","male-vocal,noise,2000s",0.19916773,180000,1970
A0246,Krista Gibson,AU,Indie,"synth,love,drone",0.078590974,2000,1968
A0247,Frank Cordova,UK,"Classical,Jazz","winter,70s,study,drums,choir",0.37522605,1000,1984
A0248,Jose Travis,UK,"Classical,Indie","neo-soul,morning,remix",0.10358421,1000,1987
A0249,Kimberly Gutierrez,UK,Folk,"guitar,morning,workout,psychedelic,heartbreak",0.21317172,1000,2013
A0250,Isaiah Avila,DE,"R&B,Rock,Pop","solo,classic,art-rock,fast",0.15138976,29000,2004
A0251,Olivia Harris,SE,Metal,"underground,funk",0.025573168,6000,1969
A0252,Tanya Kim,UK,"Electronic,Folk","solo,male-vocal,synth,african,piano",0.43621957,31000,1996
A0253,Barbara Dudley,US,Rock,"duo,cover,group,energetic",0.071006835,1000,2015
A0254,Cynthia Moore,US,"Jazz,Reggae","morning,study",0.18896261,1000,2001
A0255,Kristen Davis,FR,Classical,"90s,remix,solo,groove,synth",0.121915504,4000,1974
A0256,Susan Murray MD,BR,"Country,Electronic,R&B","bass,european",0.42463356,2000,1968
A0257,Kathleen Moran,US,Rock,"group,underground,post-rock",0.22909588,1000,1988
A0258,Denise Davenport,US,"Hip-Hop,Metal","latin,upbeat",0.51267505,8000,1989
A0259,Mrs. Kristen Reyes,AU,"Pop,Country,Ambient","electric,vocals,instrumental,spoken-word,group",0.25746652,1000,1982
A0260,Katie Suarez,US,"Electronic,Hip-Hop,Folk","instrumental,cover,noise,piano",0.2073063,1000,1966
A0261,Desiree Tyler,BR,Folk,"classic,2020s,80s,noise,60s",0.063032165,1000,1967
A0262,Timothy Romero,US,"R&B,Reggae","trap,lo-fi,2020s,progressive",0.48596275,1000,1993
A0263,Diane Evans,US,"Latin,Blues,Classical","trap,60s,guitar,rainy-day,classic",0.079925634,3000,2019
A0264,Yvonne Burns,KR,Pop,"american,upbeat",0.27431768,2000,1997
A0265,Joshua Reed,US,"Hip-Hop,Ambient,Blues","choir,drill,road-trip",0.5756734,2000,1987
A0266,Kimberly Gibson,US,"Jazz,R&B,Latin","a-cappella,night,slow,female-vocal,morning",0.4694591,2000,2018
A0267,Colin Terry,US,"Latin,Rock,R&B","2020s,summer,soul,female-vocal,european",0.28608018,1000,2003
A0268,Cynthia Rowe,US,"Rock,Hip-Hop","duo,progressive,morning,modern,rainy-day",0.22053929,1000,2005
A0269,Patrick Thornton,US,"R&B,Latin,Classical","latin,neo-soul,workout",0.17394885,13000,1996
A0270,Jasmin Alvarado,US,"Folk,Jazz","british,party,night",0.0044146366,1000,2008
A0271,Veronica Simpson,US,"Electronic,Indie","2010s,synth",0.22390993,1000,1991
A0272,Jonathan Lawrence,US,"Pop,Electronic","upbeat,underground,road-trip",0.21374543,3000,1999
A0273,Shelly Alexander,AU,"Blues,Country","american,energetic,80s,studio,heartbreak",0.35158473,1000,1998
A0274,Joyce Bowen,DE,"Country,Rock","2010s,solo,upbeat",0.07843221,1000,2007
A0275,Wayne Morgan,UK,"Hip-Hop,Rock,Electronic","trance,80s,fast,latin",0.32934177,16000,2016
A0276,Marie Christian,US,Blues,"love,dance,road-trip,british",0.22788593,16000,1978
A0277,Shannon James,CA,"Ambient,Blues,Indie","drone,heartbreak",0.18099953,3000,2004
A0278,Nathan Malone,NO,"Jazz,Folk","solo,soul,2010s",0.18727848,2000,1961
A0279,Amanda Jones,SE,Blues,"party,group",0.15959826,1000,1993
A0280,Tammie Bright,US,"Jazz,Electronic,R&B","classic,experimental,energetic",0.13629583,1000,2016
A0281,Jessica Garcia,US,"Electronic,R&B,Metal","chill,art-rock,winter",0.32293427,2000,2000
A0282,Shelia Wallace,US,Ambient,"synth,heartbreak",0.36574453,1000,1976
A0283,Stephanie Williams,US,"Metal,Country,Latin","fast,african,bass,slow",0.07212485,1000,1998
A0284,Elaine Brooks,CA,"Jazz,Folk,Blues","classic,piano,drill",0.18133648,1000,1982
A0285,Joseph Knight,UK,Metal,"remix,mainstream",0.016007382,4000,1987
A0286,Carolyn Miller,US,"Folk,Classical","choir,energetic",0.31352678,9000,1974
A0287,Lisa Allen,UK,"Hip-Hop,Pop","house,summer,a-cappella,melancholic,road-trip",0.28547296,1000,1999
A0288,Briana Murray,CA,"Hip-Hop,Pop,Classical","folk-rock,piano",0.50388634,1000,1972
A0289,David Smith,US,"Pop,Hip-Hop","noise,classic,groove,solo,road-trip",0.70806247,2000,1987
A0290,Stephanie Byrd,BR,"Blues,R&B,Hip-Hop","drone,trance,group,road-trip,modern",0.34685916,3000,2019
A0291,Jeremy Reed,US,"Hip-Hop,Country,Latin","a-cappella,noise,british,chill",0.3702565,1000,2007
A0292,Margaret Coleman,KR,"Latin,Ambient,Indie","drone,latin",0.30680907,1000,1986
A0293,Ryan Gonzalez,US,"Metal,Folk,Hip-Hop","mainstream,drone,60s,remix",0.14632405,1000,2021
A0294,John Young,SE,"Ambient,R&B","remix,african,instrumental,vocals",0.06174918,3000,1960
A0295,Laura Haney,NG,"Pop,Classical","ambient,duo,underground,upbeat,80s",0.48585907,1000,2020
A0296,William Barrett,AR,"Latin,Classical","upbeat,ambient",0.07058487,2000,1982
A0297,Keith Jennings,BR,"Blues,Reggae,Ambient","80s,group,summer,slow,workout",0.12358041,5000,2011
A0298,Amber Obrien,JP,"Rock,Reggae,Folk","energetic,summer",0.22835389,1000,2019
A0299,Tanner Mitchell DDS,DE,"Metal,Classical","chill,piano",0.026357694,1000,1997
A0300,Heather Fields,JP,"Metal,R&B","cover,heartbreak,drone",0.019375227,1000,1998
A0301,Megan Le,US,"Ambient,Jazz","psychedelic,classic,funk",0.036046296,1000,2007
A0302,Sara Fuller,CA,Folk,"art-rock,lo-fi,trap,rainy-day,bass",0.10578572,1000,1975
A0303,Maria Parker,CA,"Latin,Metal,Electronic","electric,acoustic,road-trip,bass,2020s",0.13736925,2000,1971
A0304,Kevin Oconnor,SE,"Latin,Blues","heartbreak,morning,guitar",0.33040076,1000,1981
A0305,Edward Burgess,UK,"Metal,Folk","vocals,2010s,trance",0.55941087,1000,1990
A0306,Carlos Ryan,UK,Metal,"energetic,soul,neo-soul",0.19011034,1000,2006
A0307,Kiara Mcintyre,AU,"Rock,Indie,Metal","acoustic,cover",0.46598998,1000,1976
A0308,Dawn Summers,US,"Reggae,Rock","dance,2010s,heartbreak,70s,techno",0.53783244,1000,1995
A0309,Dr. Paul Morgan,US,Hip-Hop,"male-vocal,duo,house",0.4353718,2000,1960
A0310,Victor Taylor,UK,"Metal,Reggae,Electronic","trance,ambient,energetic,instrumental",0.35462898,1000,1961
A0311,Shannon Ramsey,UK,"Classical,Reggae,Ambient","morning,electric",0.082899116,1000,2020
A0312,Tracy Ballard,US,"Classical,R&B","solo,piano",0.052173708,1000,2013
A0313,Richard Smith,UK,Country,"night,heartbreak,cover",0.3026341,4000,2014
A0314,Jordan Chambers,UK,"Classical,Electronic","party,instrumental,upbeat,morning",0.37036264,1000,1980
A0315,Lauren Carson,US,"Latin,Country","noise,road-trip,rainy-day,chill,80s",0.3801393,2000,1992
A0316,Ashley Hall,UK,Indie,"female-vocal,night",0.32592642,1000,2002
A0317,Stephen Hoffman,DE,Metal,"underground,morning",0.603757,1000,1976
A0318,Connie Brown,US,Blues,"drums,american,duo",0.05785724,2000,2006
A0319,Susan Turner,MX,"Jazz,Rock","female-vocal,90s,remix,instrumental",0.12914878,2000,2003
A0320,Charles Shah,NG,"Latin,Electronic","melancholic,solo",0.35268447,1000,1985
A0321,Johnathan Davis,UK,"Pop,Hip-Hop","choir,art-rock,upbeat,a-cappella,2020s",0.34420612,2000,1987
A0322,Brandy Chavez,US,Ambient,"heartbreak,house",0.00921056,1000,1979
A0323,Natalie Bautista,CA,"Indie,Jazz","solo,british,electric,90s,studio",0.46254492,3000,2010
A0324,Patrick Moore,SE,Pop,"2000s,melancholic,spoken-word,fast,slow",0.1780238,2000,2022
A0325,Brett Burns,DE,Indie,"a-cappella,cover,european,heartbreak",0.39461905,3000,2022
A0326,Trevor Johnson,BR,"Folk,Latin,Jazz","workout,folk-rock,experimental,drone,slow",0.25958437,1000,2008
A0327,Jeremy Sampson,CA,"Country,Folk","modern,fast,drone,morning",0.38724968,1000,1981
A0328,Ariana Jennings,AU,Country,"soul,melancholic,drums,60s,winter",0.10084625,1000,2009
A0329,Vanessa Howard,US,"Metal,Reggae","instrumental,ambient,vocals,summer",0.25164884,22000,1975
A0330,Colton Martinez,FR,"R&B,Ambient","solo,mainstream,house,drone",0.3489713,1000,2016
A0331,Jordan Bates,US,"Reggae,Classical","drone,duo",0.10902783,2000,1976
A0332,Linda Smith,DE,"Folk,Reggae,Blues","modern,dance",0.21772963,1000,1985
A0333,Dana Martinez,SE,Folk,"morning,spoken-word,folk-rock",0.307786,51000,1965
A0334,Andrea Hubbard,US,"Country,Jazz,Rock","solo,progressive,melancholic,psychedelic",0.08628373,210000,1965
A0335,Daniel Kane,AU,"Reggae,Blues","party,rainy-day,folk-rock,morning,night",0.12840223,1000,1984
A0336,Charles Lester,US,Indie,"instrumental,house",0.35721144,6000,1994
A0337,Scott Thomas,FR,"Indie,Folk","2020s,latin,electric,drill,trap",0.24593945,1000,1961
A0338,David Thompson,US,"Indie,Rock","synth,fast",0.023026887,1000,2013
A0339,Allison Smith,KR,"Rock,Jazz","trap,house",0.20185027,6000,1967
A0340,Cynthia Morris,US,"Jazz,Ambient,Hip-Hop","female-vocal,2020s,remix",0.06361455,381000,2022
A0341,Anthony Harmon,MX,"Reggae,Ambient","70s,art-rock,vocals",0.28793225,1000,1977
A0342,Nichole Alvarez,BR,"Latin,Jazz,Hip-Hop","techno,mainstream,morning,heartbreak",0.10659561,2000,1983
A0343,Kayla Rodriguez,AU,"Electronic,Pop,Classical","party,underground,post-rock,chill",0.4322902,5000,1970
A0344,Theresa Williams,JP,Classical,"drone,choir,a-cappella",0.58399606,1000,2011
A0345,Sharon Boyd,JP,"Latin,Country,Metal","post-rock,spoken-word,heartbreak,melancholic,groove",0.22891006,4033000,2006
A0346,Victor Brown,MX,Pop,"workout,underground",0.2831043,1000,1964
A0347,James Parks,US,Jazz,"summer,chill",0.36133963,1000,1966
A0348,Theodore Jones Jr.,AU,"Folk,Indie","underground,60s,live",0.3220124,1000,1998
A0349,Ana Hill,US,Folk,"ambient,bass,noise",0.18014824,1000,2014
A0350,Kimberly Nguyen,AU,Ambient,"instrumental,house,guitar,2000s",0.35933024,1000,1966
A0351,Kerry Chavez DDS,US,"Indie,Country","guitar,remix,acoustic",0.45814118,1000,1973
A0352,Michael Farrell,CA,"Jazz,Country","slow,70s",0.08356275,1000,1994
A0353,Patricia Le,CA,Pop,"classic,synth,road-trip,house",0.24167766,12000,1966
A0354,Jesse Perez,UK,"Rock,Indie,Jazz","vocals,70s",0.31966192,1000,1979
A0355,Jesse Perry,CA,"Electronic,Ambient,Metal","synth,upbeat,classic",0.29227254,2000,1960
A0356,Jeffery Ortega,JP,"Jazz,Blues,Rock","guitar,spoken-word",0.37297037,1000,1991
A0357,Christian Leblanc,JP,"Blues,Electronic","soul,studio,psychedelic,70s",0.07626962,1000,2005
A0358,Ronald Davis,UK,"Pop,Jazz,Blues","winter,latin,70s,study",0.54664284,9000,1985
A0359,Parker Cain,AU,R&B,"trap,80s",0.24527803,1000,1976
A0360,Laurie Hoffman,KR,Jazz,"2010s,guitar,energetic,night",0.4386188,1000,1986
A0361,Bryan Gomez,US,"Blues,Rock,Indie","post-rock,acoustic,synth,guitar",0.077448666,3000,1992
A0362,Nicole Parrish,US,Indie,"drums,2010s",0.41692275,3000,1970
A0363,Tracy Burke,US,"Indie,Pop","techno,art-rock,summer",0.12533547,3000,1967
A0364,Kenneth Lewis,DE,Ambient,"chill,classic,winter",0.08604682,1000,1971
A0365,Courtney Rodriguez,UK,"Electronic,Pop","experimental,soul,slow,art-rock",0.054851163,3000,2022
A0366,Holly Farmer,JP,Rock,"vocals,morning",0.120705515,1000,2005
A0367,Renee Bruce,DE,"Indie,Latin,Country","progressive,70s,piano,slow",0.06728046,9000,1967
A0368,Sabrina Austin,US,"Blues,Classical,Rock","mainstream,90s,2020s",0.202728,1000,1978
A0369,Allison Hickman,NO,"Blues,Country,Hip-Hop","rainy-day,folk-rock,bass,african,solo",0.24049833,1000,1985
A0370,Debra White,JP,"Ambient,Country","studio,rainy-day,post-rock",0.065068066,3000,1971
A0371,Ellen Morgan,US,Hip-Hop,"folk-rock,trap,experimental,psychedelic,piano",0.24373911,1000,2013
A0372,Sergio Knight,UK,"Indie,Blues","vocals,love,drums,solo,trap",0.24012569,1000,2019
A0373,Charles Schultz,US,R&B,"piano,bass,american",0.22079818,1000,1975
A0374,Paul Lewis,US,Classical,"70s,spoken-word,synth,heartbreak,chill",0.24135475,6000,1961
A0375,Glen Wood,US,"Latin,Indie","acoustic,experimental,drill",0.08608691,1000,1976
A0376,Paula Bradley,KR,Latin,"solo,experimental",0.33658594,1000,1996
A0377,Anthony Moore,UK,Folk,"electric,european,slow",0.14813054,2000,2010
A0378,Megan Nelson,UK,"Blues,Jazz,Folk","morning,post-rock",0.40906775,120000,1981
A0379,Karla Ramos,FR,"Classical,R&B","folk-rock,underground,slow",0.14141943,2000,1977
A0380,Paul Wilson,CA,Ambient,"melancholic,solo,morning",0.061895035,1000,1975
A0381,Douglas Gregory,KR,Ambient,"80s,night",0.33408618,4000,1960
A0382,Mr. Andrew Foster,JP,Country,"upbeat,modern,experimental,group",0.38626936,4000,1960
A0383,Aimee Turner,UK,"Metal,R&B","drums,groove,neo-soul,live,bass",0.15825827,1000,1986
A0384,Chad Scott,UK,Ambient,"ambient,groove,synth,remix,piano",0.09998027,2000,1998
A0385,Adam Burgess,IT,"Rock,Reggae,Pop","cover,synth,summer,group",0.16034919,1000,1960
A0386,James Padilla,FR,"Ambient,Classical,Blues","drill,love",0.100106075,1000,1972
A0387,Sandra Drake,MX,Reggae,"bass,synth",0.5302907,1000,2017
A0388,Scott Williams,US,"Jazz,Classical","psychedelic,european,african",0.43968648,1000,2022
A0389,Thomas Atkins,SE,"Reggae,Ambient,Jazz","synth,winter,night,classic",0.3603388,5000,2000
A0390,Laura Mckinney,AU,Reggae,"african,piano",0.3385548,1000,1992
A0391,Brian Smith,US,"Jazz,Country,Reggae","mainstream,acoustic,lo-fi,american",0.1865236,1000,1996
A0392,Robert Montgomery,AU,"Reggae,Pop","80s,love,slow,group",0.020929094,1000,1983
A0393,Tamara Davis,DE,"Rock,Jazz,Classical","90s,underground,drill,2010s,neo-soul",0.055856626,6000,1972
A0394,Dana Chapman,US,"Ambient,Latin","melancholic,duo",0.26844412,1000,1983
A0395,Jennifer Collins,UK,"Blues,Country","guitar,60s,piano,female-vocal,neo-soul",0.07140571,3000,2004
A0396,Gary Jackson,BR,"Folk,Ambient","trap,love",0.20735069,5000,2001
A0397,Ashley Hicks,US,"Classical,Metal","art-rock,study,upbeat",0.073943384,9000,2002
A0398,Hannah Luna,UK,"Rock,Folk,Country","upbeat,winter,2020s,workout,road-trip",0.2186004,36000,1998
A0399,Robin Young,UK,"Country,Metal","guitar,experimental,bass",0.14385785,1000,1963
A0400,Craig Morrison,US,Rock,"winter,group,modern",0.09935001,56000,1999
A0401,Mary Thompson,NG,"Blues,Jazz,Rock","electric,heartbreak,choir",0.21065874,8000,2015
A0402,Kathleen Webster,JP,"Electronic,Folk,Pop","winter,classic",0.47303948,2000,2000
A0403,Joann Glass,US,"Ambient,Classical","electric,2020s",0.44122958,1000,1996
A0404,Madison Weber,IT,"Indie,Folk,Latin","soul,2010s,synth,70s",0.053604353,5000,1974
A0405,Lori Hernandez,NO,"Ambient,Country","guitar,folk-rock,funk,underground,road-trip",0.15873136,28000,2009
A0406,Jeremy Turner,US,"Hip-Hop,Electronic","male-vocal,modern,art-rock,drums,house",0.24856822,1000,1988
A0407,Anthony Romero,BR,Blues,"classic,instrumental,neo-soul",0.35396206,1000,1976
A0408,Jesse Brown,US,"Reggae,Ambient,Hip-Hop","groove,drone,classic,cover",0.09313232,4000,1990
A0409,Angela Lin,IT,"Classical,Hip-Hop,Ambient","melancholic,60s,rainy-day,classic,progressive",0.4758458,1000,1967
A0410,Lisa Hunter,DE,"Hip-Hop,Latin,R&B","bass,european,american,piano",0.08035953,1000,2018
A0411,Julian Conner,DE,"Reggae,Classical,R&B","2010s,techno,male-vocal,spoken-word,guitar",0.22887157,7000,2004
A0412,Joanna Pacheco,US,"Country,Ambient","60s,drone,night,folk-rock",0.3029763,2000,1980
A0413,Erica Alvarez,NO,Hip-Hop,"classic,melancholic",0.09512825,3000,2010
A0414,Antonio Garcia,US,"R&B,Latin,Metal","rainy-day,lo-fi,group,2020s",0.23237427,37000,1963
A0415,Gwendolyn Klein,US,Country,"party,choir",0.13921762,4000,1984
A0416,Carrie Wright,US,Electronic,"experimental,trap,post-rock,funk",0.303931,1000,2001
A0417,Jeffrey Mills,JP,"Indie,Electronic","trap,progressive,a-cappella,melancholic,chill",0.11803765,1000,1961
A0418,Jake Campbell,US,"Indie,Classical","underground,classic,electric",0.029451082,1000,2004
A0419,George Harper,NG,"Metal,Folk","fast,party,night",0.3618942,14000,2011
A0420,Maria Jones,DE,"Ambient,Blues","bass,electric,acoustic,remix",0.060134113,1000,1997
A0421,Michael Mitchell,US,"Reggae,Country,Indie","upbeat,bass,2000s,african",0.108304046,1000,1972
A0422,Mary Escobar,US,"R&B,Classical","upbeat,2010s,morning,vocals,mainstream",0.24196538,1000,2007
A0423,Felicia Aguilar,US,Rock,"guitar,groove",0.23458596,11000,1981
A0424,Gregory Ponce,AU,R&B,"experimental,american,duo,rainy-day",0.13009493,64000,2006
A0425,Jenna Larson,BR,"Ambient,Classical","underground,workout,european,funk",0.1895354,1000,1999
A0426,Emily Bennett,US,"Electronic,Jazz","piano,night,folk-rock,energetic",0.15881243,1000,1965
A0427,Robin Santiago,SE,Jazz,"spoken-word,progressive,guitar,road-trip,post-rock",0.055486254,1000,1966
A0428,Nancy Jennings,US,"Pop,Hip-Hop,Reggae","slow,american,upbeat,90s",0.20461917,13000,1960
A0429,Maria Henderson,BR,"Hip-Hop,Rock,Country","energetic,progressive",0.15606607,1000,1964
A0430,Jack White,KR,"Metal,Rock,R&B","instrumental,a-cappella,party,70s,live",0.0033863122,6000,1978
A0431,Travis Tucker,JP,Hip-Hop,"experimental,male-vocal",0.39231202,1000,1961
A0432,Chad Jones,DE,"Metal,R&B","british,slow,heartbreak,cover,drill",0.29498535,2000,2019
A0433,Ashley Wise,BR,"Rock,Folk","ambient,night,morning,psychedelic",0.31485248,1000,2017
A0434,Sophia Johnson,US,"Ambient,Reggae","synth,post-rock,electric",0.11230437,1000,1970
A0435,Ralph Anderson,US,Electronic,"groove,guitar,group",0.7518499,1000,1979
A0436,Christopher Guerra,US,Jazz,"summer,a-cappella,winter",0.51857245,2000,2006
A0437,Rhonda Martin,CA,"Metal,Indie,Rock","a-cappella,art-rock,morning,2020s",0.4357446,2000,2001
A0438,Jason Rhodes,FR,"Ambient,Folk,R&B","classic,soul,2010s",0.20221926,1000,1996
A0439,Jeremy Mitchell,AU,"Electronic,Latin","mainstream,instrumental,modern",0.31162906,1000,2022
A0440,Joann Ferguson,SE,"Classical,Blues","british,funk",0.3746372,1000,1999
A0441,Robert Harrison,US,"Pop,Classical,Latin","modern,experimental",0.26599893,2000,2002
A0442,Holly Valentine,FR,"Country,Classical,Hip-Hop","solo,upbeat",0.046751767,1000,1991
A0443,Mrs. Diane Reyes,US,"Ambient,Classical,Hip-Hop","bass,fast,duo,90s",0.12447566,1000,1993
A0444,Tracy Montoya,US,Latin,"melancholic,a-cappella,mainstream",0.4090295,3000,1978
A0445,Brenda Wright,FR,"Classical,Metal","80s,vocals,funk,solo",0.18701307,2000,1992
A0446,Shelly Spencer,IT,R&B,"remix,classic",0.12774941,4000,2017
A0447,Ryan Rosales,AU,Pop,"electric,folk-rock,road-trip,noise,rainy-day",0.20123547,1000,1983
A0448,Phillip Nelson,US,R&B,"groove,post-rock,cover,trance",0.02783666,1000,1968
A0449,Brittany Kim,AU,"Blues,Country","guitar,studio,upbeat,cover",0.31612697,1000,1997
A0450,Courtney Hayes,US,"Blues,Folk","neo-soul,study,night,party,fast",0.24837567,4000,2009
A0451,Alexander Brown,NO,Blues,"electric,drone,spoken-word,party,night",0.042382278,27000,2020
A0452,Cynthia Vang,FR,"Country,Rock,Metal","funk,party,spoken-word,love",0.11760341,1000,1994
A0453,Alfred Galvan,US,Jazz,"modern,male-vocal,winter",0.042592928,29000,2009
A0454,Marie Moody,US,"Blues,R&B","90s,progressive,night,duo",0.29708022,3000,1975
A0455,Dustin Gallegos,US,"Electronic,Indie,Hip-Hop","2020s,duo",0.1434402,1000,1986
A0456,Brenda Thornton,IT,"Indie,Classical,Rock","piano,post-rock,group,funk",0.08193412,1000,1986
A0457,Aaron Miller,UK,"Jazz,Rock","male-vocal,cover,piano",0.53273606,1000,1980
A0458,Ruben Dunn,JP,"Latin,Country","house,folk-rock,drone,90s,duo",0.3388385,4000,2005
A0459,Kelsey Rodriguez,AU,"Reggae,Latin,Electronic","vocals,study,groove",0.19823661,1000,2015
A0460,Eric Williams,CA,"Jazz,Metal","mainstream,groove",0.21586448,2000,1980
A0461,Riley Bryant,US,"Classical,Pop,Folk","funk,melancholic",0.19109824,2000,1968
A0462,Taylor Carlson,MX,"R&B,Rock,Metal","love,techno,80s,road-trip",0.22070141,2000,2012
A0463,Jose Allen,US,"Ambient,Folk,Pop","chill,cover,female-vocal,american",0.12063073,2000,2013
A0464,Jeffrey Mendez,CA,"Classical,Electronic,R&B","solo,rainy-day",0.5431971,21000,2018
A0465,Jason Beck,DE,"Hip-Hop,Country","melancholic,love,spoken-word",0.29363248,2000,1976
A0466,William Jones,DE,Blues,"drone,studio",0.15297684,2000,2005
A0467,Katie Mcneil,MX,Jazz,"party,african,group,techno",0.21666741,2000,2005
A0468,Jeanette Harrison,US,"Indie,Country","2020s,male-vocal",0.17115317,1000,2009
A0469,Veronica King,CA,Classical,"instrumental,cover,night,party,electric",0.08410732,2000,2010
A0470,Richard Cooper,UK,"Latin,R&B,Reggae","a-cappella,drone,instrumental,bass,neo-soul",0.4205353,1000,2020
A0471,Lori Ingram,UK,"Country,Electronic,Indie","underground,a-cappella,british,trance,art-rock",0.016035737,1000,1990
A0472,Evelyn Williams,US,Country,"ambient,funk,2010s,drill,cover",0.08388846,3000,1964
A0473,Robin Thompson,US,"Hip-Hop,Blues,R&B","soul,progressive,art-rock",0.4210864,3000,1972
A0474,Julie Dominguez,US,Blues,"guitar,80s,a-cappella",0.43136254,2000,2015
A0475,Robin Brown,US,Electronic,"soul,party",0.16238858,3000,2013
A0476,Judith Carter,UK,"Rock,Classical,Blues","vocals,funk,piano",0.08887676,1000,1960
A0477,Curtis Williams,AU,"Metal,Hip-Hop,Latin","studio,acoustic,drums",0.085876785,1000,1983
A0478,Kaylee Hays,AU,"R&B,Pop,Electronic","soul,funk",0.19692425,1000,1975
A0479,Dawn Mullins,UK,"Ambient,Reggae","female-vocal,drone",0.05904562,1000,1980
A0480,Howard Norman,UK,Ambient,"techno,experimental,house",0.25585705,1000,2000
A0481,Evelyn Martinez,US,"Rock,Blues,Pop","trap,night,2000s",0.29121345,1000,1992
A0482,Steve Paul,AU,"Folk,Metal,Electronic","upbeat,american,funk",0.18816297,1000,1990
A0483,Jasmine Beltran,US,"Jazz,Rock","techno,drums,ambient,classic",0.25048572,1000,1987
A0484,Jonathan Glass MD,US,"Folk,Classical","female-vocal,drill,funk,instrumental",0.3241084,6000,2000
A0485,Monica Miller,UK,"Classical,Ambient,Folk","acoustic,choir,guitar,synth,60s",0.18914433,3000,2003
A0486,Samantha Gardner,UK,"Jazz,Electronic,R&B","remix,classic,trap,groove,drums",0.20910516,2000,1962
A0487,Bobby Guerrero,US,"Hip-Hop,Indie","folk-rock,2010s,vocals",0.61754173,2000,1968
A0488,Lance Simmons,CA,"Hip-Hop,R&B","solo,instrumental,guitar,workout,studio",0.26760805,14000,1981
A0489,Heather Williams,CA,"Hip-Hop,Ambient","electric,folk-rock",0.3275485,3000,1987
A0490,Heather Bolton,FR,"Classical,Folk","lo-fi,art-rock,80s,techno,drill",0.24413207,1000,2022
A0491,William Gould,DE,"Folk,Classical","noise,fast,drill,funk,art-rock",0.21437873,1000,2016
A0492,Mark Cox,DE,"Electronic,Jazz","american,acoustic,heartbreak",0.22854903,1000,2000
A0493,Meghan Cisneros,US,Reggae,"study,night,psychedelic,drill",0.31322268,2000,1962
A0494,Lawrence Harrington,JP,"Jazz,Reggae","experimental,drums,choir",0.04479279,1000,1966
A0495,Austin Osborne,CA,"Classical,Blues,Jazz","classic,choir,spoken-word,workout",0.40162718,1000,1988
A0496,James Bradley,UK,"Reggae,Metal","group,drone",0.19819883,1000,1996
A0497,Meghan Rush,AU,Jazz,"folk-rock,2000s,cover,soul",0.029357318,1000,2001
A0498,Phillip Berry,UK,Country,"electric,70s,group",0.06436488,5000,1968
A0499,Jennifer Banks,CA,"Ambient,R&B,Electronic","art-rock,african",0.068153106,12000,2015
A0500,Brian Fitzgerald,FR,Metal,"2020s,melancholic,british,60s,love",0.039186556,1000,1991
A0501,Mr. Justin Green III,NO,"Hip-Hop,Reggae,Metal","70s,love",0.20042586,1000,1997
A0502,Zachary Mitchell,KR,Electronic,"european,chill,guitar,drums,classic",0.2813014,1000,1962
A0503,Katherine Martinez,CA,"Jazz,Hip-Hop,Reggae","workout,slow",0.13393861,2000,2011
A0504,Jodi Roach,CA,"Reggae,Rock,Blues","duo,road-trip,bass",0.12854736,5000,1994
A0505,Brandon Fleming,JP,"Folk,Rock,Pop","synth,duo,drums",0.060893845,1000,1974
A0506,Emma Reed,US,Blues,"duo,winter,female-vocal",0.29592207,11000,1980
A0507,Joshua Vance,BR,"Jazz,R&B,Rock","trap,solo,80s,a-cappella",0.42464548,8000,1982
A0508,Michelle Ho,UK,"Folk,Country,Reggae","synth,modern,electric",0.12321703,1000,1961
A0509,Rebecca Hicks,US,"Indie,Rock,Electronic","60s,british,progressive,solo,groove",0.10338233,2000,2019
A0510,Curtis Taylor,US,"Ambient,Country","heartbreak,folk-rock,cover,vocals",0.35056138,1000,2010
A0511,Allison Spencer,SE,Folk,"energetic,guitar,groove,classic,chill",0.22370616,6000,2015
A0512,Robert Arnold,US,Blues,"trap,european,drums,noise",0.092758894,1000,1982
A0513,Angelica Parker,US,Ambient,"techno,bass,african,live",0.21276888,1000,1995
A0514,Dr. Kelly Hammond DVM,US,"Pop,Indie","underground,female-vocal,choir,cover,funk",0.04361986,6000,1988
A0515,William Day,US,"Pop,Rock","experimental,trance,latin",0.13647579,1000,1989
A0516,Michael Cooper,US,"Rock,Folk,Pop","live,noise",0.14633645,3000,1997
A0517,Penny Bowman,FR,"Ambient,Classical,Electronic","neo-soul,energetic",0.23821081,19000,1988
A0518,Vincent Reynolds,US,"Folk,Pop","soul,underground,electric,melancholic,2000s",0.41276014,1000,2008
A0519,Amy Martinez,BR,"R&B,Latin","energetic,choir,female-vocal,trap",0.2655127,1000,1963
A0520,Christopher Morris,SE,"Pop,Latin,Classical","studio,funk,slow",0.17876269,3000,1972
A0521,Hannah Everett,UK,"Hip-Hop,Metal","70s,2000s",0.18333425,21000,2016
A0522,Sarah King,US,"Jazz,Latin,Indie","ambient,trap,male-vocal,rainy-day,melancholic",0.10740876,4000,2015
A0523,Krista Martinez,AU,"Metal,Ambient,Blues","slow,psychedelic,fast,progressive",0.30885267,4000,2011
A0524,Joseph Shaw,US,"Classical,Indie","heartbreak,studio,2010s",0.49760193,1000,1983
A0525,Todd Moore,UK,"Metal,Ambient","european,road-trip",0.20005015,1000,1988
A0526,Michelle Jacobs,MX,Country,"folk-rock,progressive,70s,female-vocal,synth",0.30312872,1000,1961
A0527,Kristy Bryan,IT,Classical,"drill,workout,choir",0.11126866,1000,1977
A0528,Angel May,JP,"Hip-Hop,Latin,Ambient","workout,underground",0.30443826,1000,2005
A0529,Marilyn Wang,US,"Latin,Indie","80s,winter,classic,trap,heartbreak",0.35810122,1000,1981
A0530,Mark Jimenez,DE,"Indie,Latin,Reggae","slow,duo",0.288435,2000,1990
A0531,Donna Frye,FR,"Latin,R&B,Jazz","80s,piano",0.41327494,1000,1967
A0532,Dr. Michael Evans,UK,"Classical,Blues,Latin","chill,heartbreak,road-trip,a-cappella",0.35543907,1000,1991
A0533,Anthony Gonzales,DE,Latin,"progressive,love,studio",0.29551774,1000,2005
A0534,Mr. Lawrence Edwards,US,Hip-Hop,"60s,techno",0.2307559,1000,1996
A0535,Morgan Valencia,US,Hip-Hop,"melancholic,art-rock,study,2020s,neo-soul",0.22641067,4000,1995
A0536,Bianca Wood,CA,"Rock,Electronic,Classical","fast,2000s,melancholic,mainstream",0.13278009,4000,2017
A0537,Emma Owens,US,"Pop,Electronic,Metal","post-rock,workout,synth,experimental,group",0.021569068,1000,1974
A0538,James Gilbert,US,"Electronic,Folk,Hip-Hop","heartbreak,winter,techno,female-vocal",0.34793997,8000,1978
A0539,Sean Moore,BR,Electronic,"duo,african,80s",0.31680247,1000,1999
A0540,Kenneth Edwards,IT,"Electronic,Rock,Hip-Hop","piano,ambient,noise,drums,mainstream",0.3492997,3000,1990
A0541,Kathleen Robertson,CA,"Classical,Reggae,Hip-Hop","female-vocal,workout",0.5281065,1000,2021
A0542,Mr. Alexander Landry MD,BR,Country,"dance,art-rock,80s",0.1770184,5000,1963
A0543,Cindy Gomez,IT,"Hip-Hop,Metal","trap,american,road-trip",0.2726613,2000,1967
A0544,Johnny Khan,US,"Rock,Latin,R&B","psychedelic,american,male-vocal,2010s",0.2694274,1000,1981
A0545,Julie Herrera,UK,"Latin,Ambient","heartbreak,60s,art-rock,female-vocal,road-trip",0.038858496,2000,1988
A0546,Jessica Khan,UK,"Electronic,Indie,Country","upbeat,vocals,european,techno",0.4077374,1000,2016
A0547,Pamela Diaz,US,"Blues,Latin","2020s,synth",0.124803334,1000,1991
A0548,Kelly Lee,JP,"R&B,Classical","african,piano,road-trip,melancholic",0.19088912,4000,1987
A0549,Angel Gordon,UK,"Pop,Jazz","solo,house,african",0.057660334,1000,1970
A0550,Diana Hays,UK,"Electronic,Jazz,Pop","heartbreak,chill,drone",0.076537155,4000,1987
A0551,Barbara Hester,US,"Hip-Hop,R&B,Folk","2020s,female-vocal,rainy-day",0.20526485,4000,1993
A0552,Robert Morgan,US,"Metal,R&B,Latin","funk,underground,synth,american,african",0.33442193,1000,1996
A0553,Nicole Gonzalez,NG,"Rock,Classical","instrumental,trance,heartbreak,fast",0.026857838,2000,1998
A0554,Kathryn Williams,US,Hip-Hop,"female-vocal,road-trip,60s,workout",0.12274276,13000,1987
A0555,Gary Wells,US,"Reggae,Country","70s,drums",0.11006058,2000,1969
A0556,Larry Robertson,US,Blues,"group,drill,folk-rock,study",0.33014408,1000,1969
A0557,Louis Martin,UK,"Blues,Latin,Indie","drone,study,piano,2010s",0.20683159,1000,1969
A0558,Nancy Evans MD,AU,"Classical,Latin","african,2020s",0.13763489,34000,1998
A0559,Kim Erickson,UK,"Classical,Indie,Hip-Hop","2000s,dance,love,rainy-day,european",0.1399085,1000,2013
A0560,Robert Richardson,US,"Indie,Folk","funk,2020s,a-cappella,winter",0.25729063,1000,2015
A0561,Veronica Silva,US,"Hip-Hop,Ambient,Blues","ambient,vocals,classic,piano",0.12729785,1000,1979
A0562,Molly Watts,SE,"Latin,R&B,Metal","slow,study,60s,drums",0.5040439,2000,1965
A0563,John Coffey,AU,"Latin,Pop,Electronic","2000s,live,90s",0.4246632,2000,1999
A0564,Paula Lane,DE,"Pop,Rock","techno,rainy-day,60s",0.25121295,3000,1962
A0565,Lauren Jackson,DE,"Country,Pop","summer,groove,2020s,winter,slow",0.35699734,4000,1999
A0566,Lisa Randall,JP,Electronic,"melancholic,energetic",0.2558257,1000,1984
A0567,Michael Johnson,US,"Indie,Ambient","60s,house,synth,ambient",0.35135198,3000,2012
A0568,Ashley Smith,UK,Indie,"a-cappella,funk",0.17724833,1000,1999
A0569,Christian Vaughn,CA,"Electronic,Classical,Rock","female-vocal,bass,group,heartbreak,trap",0.62756824,1000,2006
A0570,Reginald Knapp,US,Reggae,"techno,2000s,dance,group,love",0.54099697,3000,1985
A0571,Nancy Brown,SE,"Country,Electronic","experimental,workout",0.006030227,4000,2012
A0572,Daniel Nguyen,UK,"Blues,Hip-Hop","2020s,underground,choir,cover,techno",0.09044087,1000,1993
A0573,Kelly Edwards,JP,Ambient,"studio,night,road-trip,piano",0.27070066,2000,1999
A0574,Thomas Peterson,SE,"Reggae,Pop","acoustic,mainstream,drone,neo-soul",0.33554545,1000,1982
A0575,Raymond Le,CA,Classical,"experimental,african,chill,energetic",0.09434384,10000,1988
A0576,Melissa Bishop,NG,Rock,"underground,techno,dance,art-rock",0.38512573,1000,2012
A0577,David Grant,AU,"Electronic,Country","70s,american,fast",0.12994345,1000,1984
A0578,William Evans,SE,Reggae,"dance,spoken-word",0.23952775,2000,1961
A0579,Daniel Bush,US,Jazz,"neo-soul,african,morning",0.24107616,9000,1983
A0580,Gregory Peck,UK,"Folk,Metal","spoken-word,vocals,winter,dance,studio",0.10059627,1000,1984
A0581,Denise Martinez,CA,"Electronic,Jazz","energetic,noise,80s,female-vocal,groove",0.26798457,3000,1986
A0582,Jamie Baird,US,R&B,"post-rock,melancholic,funk,progressive,duo",0.11912193,1000,1964
A0583,Tina Ballard,UK,"Blues,Electronic","solo,modern",0.07163956,58000,1968
A0584,Dwayne Klein,NG,"Reggae,Latin,Classical","remix,african,european,neo-soul,winter",0.018542994,2000,1980
A0585,Jeremy Scott,AU,"Rock,Country,Metal","african,party,classic,piano,vocals",0.35886586,1000,1986
A0586,Dale Ryan,US,Metal,"electric,remix",0.26913527,12000,1961
A0587,Melissa Taylor,US,"Jazz,R&B,Rock","2000s,techno,cover",0.23966168,2000,1984
A0588,Laurie Sanchez,US,"Rock,Classical,Country","morning,summer,chill",0.09049204,5000,1980
A0589,Kiara Little,US,Latin,"rainy-day,european,house",0.13894984,2000,1962
A0590,Jason Love,KR,"Rock,Hip-Hop","2000s,progressive,house,funk",0.2775606,13000,1975
A0591,Randy Smith,UK,"Indie,Blues","electric,love,group,spoken-word,rainy-day",0.13628566,449000,1977
A0592,Tanya Russell,US,"Blues,Indie","duo,chill,progressive,mainstream,remix",0.46511984,1000,1969
A0593,Sherry Woods,AU,"Ambient,Electronic,Folk","latin,vocals",0.3461412,1000,2007
A0594,Victor Morris,US,"Indie,Folk","heartbreak,choir,ambient",0.2172489,1000,1964
A0595,Susan Davis,US,"Reggae,Ambient","european,house,remix,female-vocal,energetic",0.25987434,4000,1996
A0596,Kimberly Sharp,FR,"Ambient,Reggae,Folk","mainstream,remix",0.3716075,1000,2001
A0597,Susan Thompson,AU,Metal,"trance,male-vocal,fast,love",0.5288594,1000,2010
A0598,Casey Gillespie,IT,"Jazz,Indie","bass,remix",0.4954133,1000,1994
A0599,Jennifer Simpson DVM,AU,"Latin,Pop","workout,fast,mainstream,house",0.07532545,1000,1994
A0600,Tammy Mcdowell,UK,Electronic,"90s,neo-soul",0.121959515,1000,2007
A0601,Keith Rodriguez,JP,Metal,"melancholic,fast,2020s,folk-rock,solo",0.07220811,2000,2013
A0602,Mrs. Virginia Daniels,NG,"Reggae,R&B","cover,art-rock,progressive,ambient,duo",0.34902972,2000,1973
A0603,Todd Rosales MD,FR,"Rock,Hip-Hop","2020s,60s,underground,winter",0.4385095,2000,2010
A0604,Brian Martin,AR,"Latin,Classical","choir,latin,male-vocal,underground",0.122153096,3000,1989
A0605,David Lopez,JP,Ambient,"acoustic,latin,lo-fi,melancholic",0.1624196,1000,1966
A0606,Rachel Bradley,SE,R&B,"chill,cover,group,70s,80s",0.11999212,2000,1998
A0607,Casey Chase,US,Metal,"workout,drone,winter,studio",0.07703012,4000,2021
A0608,Samantha Robertson,FR,"Hip-Hop,Classical,R&B","winter,70s,a-cappella",0.6297259,6000,1968
A0609,Michael Lopez,UK,Country,"drill,90s",0.20445874,1000,1960
A0610,Franklin Wright,CA,"Rock,Electronic,Blues","choir,vocals,2000s",0.3014975,76000,2017
A0611,David Molina,DE,"Folk,Indie","british,70s",0.5861476,5000,1997
A0612,Elizabeth Sharp,AR,"Country,Pop,Jazz","experimental,trap,folk-rock",0.54320145,1000,1973
A0613,Matthew Schwartz,IT,"Pop,Country,Latin","live,2010s,experimental,noise",0.046331212,2000,2009
A0614,Bryan Parker,US,Hip-Hop,"study,fast,choir,art-rock,british",0.18917422,8000,1984
A0615,Jonathan Jacobson,FR,"Electronic,R&B","experimental,melancholic,workout,drums",0.2805128,3000,1980
A0616,Emily Wilson,FR,Classical,"guitar,drone,african",0.5012548,1000,1978
A0617,Elizabeth Mendez,US,"Rock,Pop,Electronic","study,70s,party,techno",0.23552684,42000,1997
A0618,Casey Hernandez,US,"Rock,Ambient","duo,female-vocal",0.05533506,1000,1968
A0619,Lisa Perry,US,"Pop,Latin","rainy-day,synth,psychedelic,trap",0.18293467,2000,1982
A0620,Kaitlin Medina,JP,"R&B,Electronic","energetic,night,european,spoken-word,groove",0.007348607,2000,1979
A0621,Colleen Wright,UK,"Hip-Hop,Ambient,Reggae","vocals,ambient,trap,house",0.28805473,2000,1963
A0622,Shelley Miller,IT,Reggae,"female-vocal,post-rock,workout,lo-fi",0.33363253,1000,2008
A0623,Michael Miller,UK,Reggae,"rainy-day,psychedelic,techno,slow",0.20755483,1000,1960
A0624,Amy Kelley,AR,"Blues,Rock","dance,energetic,guitar",0.4251978,1000,2020
A0625,Laura Hernandez,UK,"Reggae,Folk,Hip-Hop","post-rock,70s,melancholic",0.07112585,1000,1965
A0626,Joseph Wilson,JP,"Folk,Jazz","drill,trap,psychedelic,dance",0.2861484,1000,1982
A0627,Kevin Davis,US,"Hip-Hop,Latin,Reggae","rainy-day,2000s,remix,80s",0.122792415,1000,1966
A0628,Rhonda Chavez,CA,"Electronic,Latin,Metal","70s,upbeat,latin,noise",0.13312297,24000,1983
A0629,Joyce Brown,BR,Classical,"bass,live,drill,groove",0.12454984,1000,1998
A0630,Robert Cummings,KR,"Classical,Reggae","soul,african,male-vocal,lo-fi,slow",0.29212195,1000,1965
A0631,Robert Reese,BR,"Indie,Country,Reggae","live,workout",0.24461105,20000,1993
A0632,Amber Cooper,US,"Classical,Latin,Rock","winter,american",0.2320193,1000,2008
A0633,Zachary Michael,UK,"Hip-Hop,Folk,Ambient","60s,2020s,female-vocal",0.3550961,2000,1988
A0634,Timothy Johnson,US,"Indie,Latin,Metal","african,noise,drill,neo-soul",0.18630886,2000,1967
A0635,Randy Cannon,US,Latin,"post-rock,duo",0.17638384,1000,2003
A0636,Maria Fisher,DE,"R&B,Rock,Electronic","2000s,spoken-word,soul,american",0.50272137,1000,1971
A0637,Janet Kane DVM,FR,Rock,"solo,vocals",0.07839746,2000,1961
A0638,Michael Stanley,JP,"Jazz,Reggae","rainy-day,latin",0.10558228,10000,1987
A0639,Martha Bailey,SE,Jazz,"90s,winter,guitar",0.4832482,1000,1977
A0640,Joshua Rice,FR,Electronic,"neo-soul,guitar",0.37363932,1000,1961
A0641,Courtney Smith,BR,"Reggae,Electronic","instrumental,dance,female-vocal,mainstream,progressive",0.15422535,3000,2008
A0642,Edwin Nunez,US,"Metal,Country,Ambient","drone,summer,american,road-trip",0.122859724,1000,1997
A0643,Kim Morrow,US,"Pop,Hip-Hop,Latin","drill,post-rock",0.13619402,1000,2017
A0644,Gregory Hill,AU,"Country,Electronic","2010s,slow,art-rock",0.39640892,2000,1990
A0645,Molly Rodriguez,SE,"Ambient,Indie,Country","live,love,groove,morning",0.18438405,1000,1987
A0646,Jennifer Miranda,US,Ambient,"cover,road-trip,guitar",0.08805978,22000,2013
A0647,Alexis Harris,CA,Indie,"bass,cover,drill,80s",0.35784787,1000,1965
A0648,Andrew Harper,DE,"Blues,Electronic","solo,vocals",0.0804408,8000,1982
A0649,Amber Yang,US,Classical,"european,techno,studio",0.15641268,3000,2010
A0650,David Robinson,UK,"Country,Metal,Classical","duo,bass,funk,spoken-word",0.41879413,1000,1978
A0651,Amy Gordon,NO,Electronic,"mainstream,90s,modern",0.2564425,1000,2015
A0652,Robert Dennis,DE,"Jazz,Classical,Reggae","female-vocal,solo",0.6078322,2000,1977
A0653,Kyle Chambers,US,"Ambient,Indie","summer,african,spoken-word,techno",0.19409035,1000,1986
A0654,Eric Thomas,SE,Classical,"2020s,american,love,live,noise",0.17266338,2000,2016
A0655,Connie Turner,US,"Reggae,Folk,Latin","drums,psychedelic,remix",0.14459543,1000,1975
A0656,Travis Hobbs,SE,Metal,"morning,choir,neo-soul,party,cover",0.3495576,1000,2020
A0657,Lori Simmons,US,Pop,"trance,2000s,male-vocal,progressive",0.2159235,3000,1962
A0658,William David DDS,AU,"Ambient,Folk,Blues","experimental,techno,post-rock,upbeat,male-vocal",0.31188315,89000,1976
A0659,Emma Butler,UK,"Electronic,Country,Classical","70s,2020s,energetic,summer",0.08574389,1000,1997
A0660,James Webster,US,"Latin,Country,Folk","90s,bass",0.36695608,3000,1997
A0661,Samuel Turner,NO,"Classical,Pop","60s,lo-fi",0.2735063,2000,2017
A0662,Renee Melendez,US,"Jazz,R&B,Folk","vocals,progressive,instrumental,african",0.23801838,131000,2020
A0663,Tracy Grant,US,"Blues,Hip-Hop","upbeat,british,2010s",0.13575433,1000,2002
A0664,David Harris,US,"Blues,Pop,Rock","summer,chill,study,a-cappella,choir",0.45496616,1000,2001
A0665,Tammy Boone,FR,"Blues,Hip-Hop,Country","synth,vocals,instrumental,solo",0.3280162,1000,1979
A0666,Nathaniel Lee,BR,"R&B,Hip-Hop,Ambient","ambient,groove",0.23729832,1000,2010
A0667,Michael Morrison,IT,Rock,"choir,2020s,instrumental,drone,house",0.0503346,1000,2000
A0668,Chelsea Gill,US,Ambient,"funk,groove",0.24674465,12000,1961
A0669,Kristin Mendoza,UK,"Folk,Electronic,Metal","synth,trap,electric",0.2281223,1000,2012
A0670,Felicia Krueger,US,"Reggae,Jazz,Classical","instrumental,summer",0.12675466,4000,1982
A0671,Timothy Hayden,CA,"Jazz,Metal,Ambient","heartbreak,summer,party",0.15277393,1000,1989
A0672,Zachary Mendoza,IT,Ambient,"soul,melancholic,road-trip",0.39104003,1000,1990
A0673,Larry Harris,FR,"Blues,Folk,Metal","study,british,experimental,70s",0.19160734,2000,2011
A0674,Kristen Rowe,AU,Rock,"morning,rainy-day,electric,vocals",0.07097638,1000,1976
A0675,Joseph Howard,UK,"Hip-Hop,Metal,Blues","solo,dance",0.19862849,5000,1984
A0676,Jose Crawford,NG,"Reggae,Indie,Jazz","cover,trance,slow,noise,electric",0.07116166,1000,1962
A0677,William Harrison,UK,"Jazz,Pop","morning,rainy-day",0.14548875,50000,1981
A0678,Suzanne Wood,US,Jazz,"trance,love,rainy-day",0.7255016,1000,1965
A0679,Justin Walker,UK,"Pop,Latin","2000s,european",0.21357289,1000,1996
A0680,Dean Donovan,US,Hip-Hop,"funk,fast",0.29089227,1000,2016
A0681,Jennifer Hernandez,US,Ambient,"vocals,drone,psychedelic,acoustic",0.2295169,3000,1989
A0682,James Whitaker,US,"Hip-Hop,Folk","trance,chill,live,african,solo",0.060240977,6000,2017
A0683,Mr. Michael Scott PhD,UK,"Hip-Hop,Folk","trance,latin,guitar,upbeat,winter",0.22657289,1000,2021
A0684,Maria Henry,AU,Folk,"2020s,energetic,european,90s,70s",0.19639033,1000,1963
A0685,Robert Jackson,US,"Blues,Rock,Pop","solo,heartbreak",0.47175264,2000,1992
A0686,Katherine Stark,UK,Country,"dance,energetic",0.1502453,1000,1993
A0687,Maria Brown,MX,"Blues,Folk","group,post-rock",0.4150019,4000,1984
A0688,Ryan Landry,JP,"Ambient,Indie,Rock","party,2010s",0.10739046,1000,2012
A0689,Pamela Gutierrez,CA,Classical,"post-rock,funk,american",0.27126506,3000,1984
A0690,Crystal Mann,US,Ambient,"solo,dance,party",0.070058584,1000,1963
A0691,Jonathan Brooks,NO,"Country,Hip-Hop","drums,upbeat",0.30380297,141000,1994
A0692,Mary Jensen,US,"R&B,Classical,Rock","80s,ambient,heartbreak,instrumental,house",0.10103637,1000,1972
A0693,Mr. Aaron Arnold,US,"Pop,Classical","melancholic,drums,workout,noise",0.03018928,1000,1982
A0694,Joseph Hill,NG,"Latin,Metal,Folk","progressive,live",0.09791206,4000,1991
A0695,Alicia Li,CA,"Blues,Hip-Hop,Country","electric,neo-soul,melancholic,latin,lo-fi",0.2862176,1000,2005
A0696,Renee Browning,FR,"Reggae,Rock","european,trap,love,vocals,melancholic",0.20773332,1000,1977
A0697,Brent Hernandez,AU,"Rock,Classical","piano,energetic,groove,american",0.04021243,1000,1983
A0698,Joseph Ochoa,DE,"Reggae,Classical,Ambient","female-vocal,african",0.270883,4000,1964
A0699,James Watson,US,"Indie,Folk","latin,soul,funk",0.21243098,3000,1984
A0700,Karl Branch,US,"Folk,Hip-Hop,Reggae","remix,electric,psychedelic,house,party",0.10224963,9000,1996
A0701,Michael Abbott,US,"Hip-Hop,Classical,R&B","group,upbeat,synth,energetic,british",0.14913078,1000,1998
A0702,Shannon Malone,US,"Jazz,Folk,Latin","house,winter,underground,duo,chill",0.21741487,1000,1978
A0703,James Tran,NO,"Classical,Blues,Ambient","house,live,70s,drone,art-rock",0.20243226,6000,1963
A0704,Adam Jackson,US,"Ambient,Country,Jazz","guitar,chill",0.13471243,2000,1996
A0705,Mr. Richard Knight PhD,CA,"Classical,Pop","duo,rainy-day,experimental,studio,2000s",0.14327638,2000,2001
A0706,Joseph Williams,JP,"Folk,Pop","ambient,rainy-day,road-trip",0.07097801,1000,1965
A0707,Sean Clay,JP,R&B,"folk-rock,studio,classic,chill,male-vocal",0.12221989,1000,1991
A0708,Anthony Jones,UK,"Pop,Latin","drill,experimental,folk-rock,live,spoken-word",0.04435593,1000,1965
A0709,Stephanie Elliott,UK,"Electronic,Indie,Blues","trance,electric",0.04644152,1000,1988
A0710,Timothy Edwards,IT,R&B,"2010s,techno,spoken-word",0.104260065,1000,2000
A0711,Laurie Goodwin,DE,"R&B,Rock,Reggae","trance,spoken-word,groove",0.282303,1000,2005
A0712,Jennifer Jones,BR,"Rock,Metal,Jazz","2010s,90s,dance,folk-rock",0.18842734,2000,2004
A0713,David Davenport,NG,Classical,"european,female-vocal,modern,love,house",0.30196345,1000,2007
A0714,Steven Rivera,JP,"Hip-Hop,Folk,Classical","drone,rainy-day",0.2184504,2000,1975
A0715,Brenda Hinton,US,"R&B,Blues","2010s,modern",0.26957935,2000,2013
A0716,Kathryn Mccann,CA,"Pop,Reggae,R&B","upbeat,drone,slow",0.104969256,2000,1982
A0717,Jeffrey Roberson,US,"Classical,Pop","folk-rock,female-vocal,party",0.09771652,2000,1983
A0718,Randy Friedman,DE,"Jazz,Ambient,Blues","neo-soul,2020s,road-trip,ambient",0.17921406,2000,2009
A0719,Raymond Johnson,MX,Jazz,"road-trip,chill",0.22280174,19000,1980
A0720,Willie Henry,CA,"Hip-Hop,Metal,Country","70s,drill,winter,noise,mainstream",0.09532177,8000,1964
A0721,Todd Reynolds,UK,Indie,"techno,study,heartbreak,70s,upbeat",0.14728689,1000,2005
A0722,Mary Miller,US,"Reggae,Electronic,R&B","instrumental,choir,solo",0.11426731,1000,2001
A0723,Rebecca Marquez,MX,Metal,"upbeat,live,70s,choir,psychedelic",0.642703,9000,1996
A0724,Christian Dawson,US,"Rock,Ambient,Reggae","winter,summer,latin,solo",0.23886028,3000,1969
A0725,Nancy Stewart,US,"Reggae,Blues,Hip-Hop","neo-soul,post-rock,bass",0.2213026,1000,1999
A0726,Aaron Parker,US,"Ambient,Blues","european,guitar",0.114786476,1000,1972
A0727,Derrick Anderson,US,Hip-Hop,"techno,slow",0.37450057,3000,1994
A0728,Jerry Peters,UK,Folk,"bass,duo,lo-fi,melancholic",0.16113761,9000,1991
A0729,Alexander Gomez,CA,"Folk,Metal,Pop","live,art-rock,70s",0.46388957,2000,2008
A0730,Kyle Nguyen,US,Reggae,"psychedelic,bass,workout,winter,drill",0.17507415,3000,2021
A0731,Edgar Hughes,US,Latin,"group,groove,study,noise,energetic",0.23172422,2000,1971
A0732,Steven Stein,US,"Ambient,Pop","studio,trap",0.11624356,14000,1967
A0733,Laura Jackson,UK,"Country,Reggae","60s,underground,ambient,group",0.36656857,1000,1995
A0734,Charles Turner,US,Metal,"heartbreak,morning,solo,energetic",0.5467947,1000,2019
A0735,Arthur Hamilton MD,DE,"Indie,Folk","studio,drone,2010s",0.19382234,1000,1969
A0736,Mr. David Wright,US,"Blues,Electronic","chill,night,choir",0.31894878,2000,1990
A0737,Linda Gonzalez,US,Folk,"drill,chill",0.72835964,3000,1985
A0738,Eric Rush,UK,"Hip-Hop,Rock,Pop","90s,70s,love",0.5354195,1000,1980
A0739,Manuel Brock,UK,"Blues,Classical,Indie","2000s,spoken-word,neo-soul",0.07458532,1000,2001
A0740,George Ochoa,US,"Hip-Hop,Ambient,Country","vocals,british",0.42472303,5000,1978
A0741,Valerie Taylor,US,Reggae,"house,african,study,party,latin",0.04174835,6000,1991
A0742,Travis Harris,SE,"Classical,Indie,Pop","studio,synth,energetic,male-vocal",0.060051154,1000,2013
A0743,Vincent Novak,US,"Indie,Hip-Hop,Folk","60s,underground,psychedelic",0.37656185,9000,1983
A0744,Michael Henry,CA,"Classical,Ambient","vocals,upbeat",0.11375729,1000,1961
A0745,Dana Bennett,UK,"Pop,Indie,Latin","vocals,drums,techno,2000s",0.094850436,1000,2015
A0746,Jenna Wilson,US,"Ambient,Jazz","workout,melancholic",0.52000564,1000,1977
A0747,Leslie Gardner,UK,R&B,"classic,drums,upbeat",0.06932228,1000,2008
A0748,Krista Benton,JP,"Jazz,Country","spoken-word,60s,groove,mainstream,winter",0.44929895,2000,2008
A0749,Michael Gonzales,SE,"Classical,Folk,Electronic","60s,drill",0.19537072,4000,1993
A0750,Michael Fuentes,US,Reggae,"drill,60s,psychedelic,trance",0.49867293,1000,1965
A0751,Jennifer Porter,US,Latin,"melancholic,group",0.56102705,1000,2019
A0752,Dana Hopkins,US,"Ambient,Classical","morning,choir",0.37835735,44000,2002
A0753,Rachel Jones,UK,"R&B,Pop","slow,live,duo,rainy-day",0.25771123,4000,1986
A0754,Karen Morales DDS,DE,Pop,"british,love",0.13554601,2000,2013
A0755,Melissa Stephens,US,"Hip-Hop,Jazz,Metal","80s,neo-soul,female-vocal,summer",0.31433758,2000,2009
A0756,Heather Woodard,US,Ambient,"ambient,modern,morning,2000s,drums",0.7397538,1000,2007
A0757,Margaret Miller,KR,Metal,"morning,trance,remix,love",0.32897162,12000,1970
A0758,Mary Kelly,US,"R&B,Metal","acoustic,drill,techno,male-vocal",0.5037243,3000,1999
A0759,Amanda Terrell,UK,Reggae,"cover,remix",0.3741321,10000,1978
A0760,Jennifer Goodwin,FR,R&B,"folk-rock,80s",0.18626447,1000,1964
A0761,Jorge Stone,US,"R&B,Pop","acoustic,modern",0.10614352,2000,1981
A0762,Laura Griffin,US,"Rock,Ambient","electric,european,2020s,male-vocal",0.21662448,5000,1966
A0763,Raymond Chapman,US,"Country,Reggae","70s,2020s",0.12951598,2000,1966
A0764,Haley Johnson,NG,"Latin,Blues,Indie","70s,bass,classic,female-vocal,noise",0.35900185,1000,2005
A0765,Jason Nixon,US,"Hip-Hop,Reggae","vocals,trap,male-vocal",0.013127346,14000,1991
A0766,Todd Thomas,US,"Blues,Reggae","remix,modern,funk",0.28836244,1000,1985
A0767,Jesse Clark,US,"Hip-Hop,Jazz,Reggae","acoustic,spoken-word",0.15608655,2000,1972
A0768,Mr. Jeffrey Horton,US,"Blues,Folk,Reggae","melancholic,spoken-word,slow,road-trip,groove",0.54621315,6000,2008
A0769,Eric Patrick,AU,Country,"trance,duo",0.2282019,1000,1999
A0770,Samuel Wong,US,"Folk,Metal","modern,synth,2000s,lo-fi",0.3614372,1000,1996
A0771,Carly Riggs,CA,Pop,"soul,modern",0.34257758,2000,1971
A0772,Christopher Moore,AU,Latin,"british,piano",0.19119805,1000,1967
A0773,Tina Hall,SE,"Indie,Ambient","love,female-vocal,studio",0.21455812,2000,1967
A0774,Cody Davidson,US,Classical,"electric,love",0.08681209,12000,1961
A0775,Allen Mendez,SE,Pop,"classic,progressive,instrumental,studio",0.08872911,2000,2021
A0776,Kevin Price,AU,Jazz,"bass,fast,trance,neo-soul,guitar",0.18645993,2000,1983
A0777,Christine Goodwin,US,Latin,"slow,european,dance",0.1832241,14000,2001
A0778,Amy Garcia,JP,"Folk,Ambient","chill,ambient,folk-rock",0.22487645,1000,2021
A0779,Chelsea Nguyen,SE,Classical,"house,bass,folk-rock,guitar,workout",0.20865864,1000,2018
A0780,Dennis Huffman,US,Metal,"vocals,progressive,duo,ambient",0.4031893,1000,1980
A0781,Margaret Harper,NG,"Metal,Blues","folk-rock,psychedelic,road-trip,2020s,70s",0.2061882,1000,1990
A0782,Laurie Bailey,UK,"Indie,Metal","neo-soul,slow,workout,piano,melancholic",0.054483466,1000,1989
A0783,Lisa Cervantes,AU,Rock,"synth,underground,psychedelic,melancholic",0.16110079,107000,1962
A0784,Cesar Wilson,IT,Rock,"classic,upbeat,guitar,road-trip",0.38154337,1000,2008
A0785,Clayton Steele,UK,"Latin,R&B","funk,a-cappella,morning,study,night",0.22053593,1000,1996
A0786,Jennifer Taylor,BR,"Indie,Blues,Folk","2010s,choir,cover",0.013070847,7000,1983
A0787,Cody Reid,US,"Blues,R&B","live,trap,upbeat,duo,female-vocal",0.18083905,1000,1995
A0788,Maria Cooke,JP,Hip-Hop,"remix,guitar,love",0.28143266,1000,2006
A0789,Katherine Taylor,AU,"Indie,Jazz,Folk","drone,latin,studio,chill,rainy-day",0.31274018,1000,1960
A0790,Jerry Brown,US,"Classical,Indie","funk,vocals,remix",0.3829453,60000,2000
A0791,Adam Taylor,UK,"Rock,R&B,Pop","drill,experimental,drone",0.2889846,3000,2014
A0792,Tracey Wagner,US,Pop,"love,experimental,modern,british,male-vocal",0.006989401,1000,2005
A0793,Michael Perry PhD,US,Blues,"progressive,electric",0.3333202,2000,1999
A0794,Bradley Johnson DDS,US,"Metal,Latin,Pop","soul,neo-soul",0.044704515,2000,1965
A0795,Donald Medina,US,Ambient,"female-vocal,90s",0.045312505,1000,2006
A0796,Jim Newton,US,"Country,Hip-Hop","synth,psychedelic",0.45311582,1000,2007
A0797,Krista Wilson,US,Ambient,"road-trip,noise,drums,post-rock",0.3433262,1000,1991
A0798,Reginald Morrow,FR,Indie,"american,bass,choir,60s,british",0.027508631,2000,1996
A0799,Rodney Williams,FR,"Folk,Reggae","workout,2020s,vocals,classic,morning",0.11884367,1000,1998
