user_id,username,country,age_group,joined_year
U0000,cannonmary,JP,35-44,2022
U0001,craigmurphy,UK,45-54,2006
U0002,maldonadokatrina,SE,55+,2012
U0003,clowe,DE,25-34,2014
U0004,david18,US,25-34,2020
U0005,rwilliamson,AR,35-44,2007
U0006,zacharypage,JP,25-34,2013
U0007,jose45,JP,45-54,2008
U0008,danieljones,US,25-34,2020
U0009,parkertimothy,UK,18-24,2017
U0010,curtisjacqueline,UK,18-24,2014
U0011,sharonlevine,KR,45-54,2012
U0012,melissa36,DE,18-24,2008
U0013,owilson,BR,25-34,2023
U0014,xfuentes,UK,25-34,2017
U0015,manningbrandi,US,18-24,2011
U0016,cjohns,CA,25-34,2013
U0017,jmedina,US,35-44,2019
U0018,danielleturner,BR,18-24,2019
U0019,michael84,AU,45-54,2014
U0020,robert79,JP,45-54,2011
U0021,angel36,UK,25-34,2018
U0022,bmckay,AR,18-24,2018
U0023,reynoldssharon,NO,35-44,2016
U0024,timothy78,JP,18-24,2006
U0025,mistykelly,US,25-34,2014
U0026,tdiaz,UK,55+,2017
U0027,carolynwarner,US,55+,2024
U0028,elainehall,US,35-44,2015
U0029,xnixon,DE,25-34,2011
U0030,jennifertaylor,FR,35-44,2016
U0031,riveramicheal,AR,35-44,2008
U0032,dawn33,US,25-34,2006
U0033,kevinbennett,UK,35-44,2018
U0034,casey54,UK,18-24,2024
U0035,brandyrobles,US,18-24,2021
U0036,arroyorenee,US,25-34,2016
U0037,kelly67,UK,18-24,2005
U0038,paul15,US,18-24,2024
U0039,amy17,DE,45-54,2013
U0040,joy91,UK,55+,2010
U0041,abrown,BR,25-34,2022
U0042,alexander22,FR,45-54,2019
U0043,palmerclifford,US,55+,2019
U0044,brewersherri,BR,18-24,2010
U0045,perezkathryn,BR,25-34,2024
U0046,elizabeth60,UK,25-34,2014
U0047,lisa37,US,18-24,2015
U0048,vroberts,DE,35-44,2020
U0049,brittanyball,US,25-34,2018
U0050,amandaroberts,US,25-34,2008
U0051,tashatownsend,US,18-24,2011
U0052,cainroger,JP,18-24,2012
U0053,tanya09,DE,45-54,2023
U0054,lmann,FR,18-24,2019
U0055,grantjacob,JP,18-24,2012
U0056,hchavez,UK,25-34,2019
U0057,afritz,CA,25-34,2019
U0058,acisneros,US,25-34,2012
U0059,wendyfrancis,US,25-34,2013
U0060,joshuashepherd,DE,18-24,2022
U0061,taylormelinda,UK,18-24,2016
U0062,dennishale,CA,45-54,2007
U0063,josephchapman,JP,35-44,2019
U0064,jonesvanessa,AU,35-44,2016
U0065,jstanton,CA,35-44,2015
U0066,patriciafreeman,CA,35-44,2019
U0067,davismichelle,US,18-24,2023
U0068,murphycynthia,US,25-34,2011
U0069,lisa14,UK,25-34,2013
U0070,anthony23,US,25-34,2008
U0071,kimberlybell,UK,45-54,2017
U0072,ztorres,SE,25-34,2013
U0073,ryan42,US,35-44,2011
U0074,hli,US,45-54,2018
U0075,wsanchez,US,25-34,2013
U0076,noahjones,US,45-54,2014
U0077,jill69,DE,25-34,2013
U0078,michael22,CA,45-54,2010
U0079,yjennings,JP,25-34,2007
U0080,lisa49,DE,25-34,2021
U0081,johnsonsara,UK,25-34,2006
U0082,aaron25,BR,18-24,2011
U0083,bryan34,US,25-34,2018
U0084,sara48,US,45-54,2007
U0085,lcastillo,US,35-44,2018
U0086,ashleyturner,FR,18-24,2019
U0087,suejones,UK,25-34,2018
U0088,joshua15,US,18-24,2011
U0089,mcarter,CA,18-24,2005
U0090,michaelwilson,US,55+,2022
U0091,dfox,DE,25-34,2011
U0092,jason20,UK,25-34,2021
U0093,alexis54,UK,25-34,2008
U0094,scottcurtis,US,18-24,2008
U0095,mdavis,AU,25-34,2020
U0096,halelinda,UK,35-44,2023
U0097,brownjennifer,US,35-44,2022
U0098,fhanna,US,55+,2020
U0099,jamie15,AR,35-44,2009
U0100,maysjohn,NG,25-34,2023
U0101,aolson,DE,35-44,2018
U0102,crystallandry,US,45-54,2008
U0103,tuckeramy,AR,35-44,2007
U0104,ndavis,JP,55+,2022
U0105,umccoy,FR,35-44,2010
U0106,vturner,UK,45-54,2020
U0107,acombs,US,18-24,2007
U0108,thomasronald,US,35-44,2010
U0109,johnstokes,NG,25-34,2010
U0110,watsonjose,UK,25-34,2010
U0111,alexanderjohnson,US,35-44,2018
U0112,jameslopez,US,55+,2023
U0113,psawyer,CA,55+,2023
U0114,renee05,US,25-34,2019
U0115,garyyang,SE,35-44,2009
U0116,robertseric,JP,35-44,2024
U0117,cortiz,FR,25-34,2015
U0118,edwardsjonathan,UK,18-24,2015
U0119,andrewbird,AU,18-24,2019
U0120,pcoleman,AU,35-44,2020
U0121,melindastone,DE,25-34,2024
U0122,derektaylor,US,55+,2016
U0123,johnsonluis,UK,25-34,2017
U0124,jackthompson,US,55+,2019
U0125,nicholas01,UK,25-34,2010
U0126,jeffersondaniel,US,35-44,2011
U0127,jonathanparker,US,18-24,2017
U0128,barbaralee,US,25-34,2006
U0129,michaelholmes,AU,45-54,2011
U0130,hoganeric,US,55+,2019
U0131,matthew64,KR,45-54,2024
U0132,david42,AU,18-24,2015
U0133,zevans,US,25-34,2012
U0134,chelsea60,AU,18-24,2013
U0135,josephhunt,US,18-24,2018
U0136,llee,MX,35-44,2015
U0137,blairbrandy,UK,35-44,2005
U0138,john77,JP,35-44,2015
U0139,joshuaberry,US,45-54,2013
U0140,gregory73,UK,35-44,2019
U0141,richard15,UK,45-54,2022
U0142,wendyholden,KR,18-24,2024
U0143,vwatson,CA,18-24,2017
U0144,adamskathryn,UK,35-44,2012
U0145,xhorne,US,45-54,2013
U0146,monicadixon,US,18-24,2008
U0147,gbutler,CA,25-34,2023
U0148,thomas53,UK,35-44,2021
U0149,richardperkins,US,18-24,2022
U0150,erik74,BR,25-34,2011
U0151,uhamilton,NO,45-54,2011
U0152,matthewhoffman,US,35-44,2022
U0153,omartinez,CA,18-24,2015
U0154,julie24,US,45-54,2019
U0155,nataliemann,DE,25-34,2014
U0156,lsnyder,US,45-54,2013
U0157,kennethmorgan,DE,25-34,2017
U0158,moorestephen,FR,25-34,2021
U0159,vtapia,JP,25-34,2011
U0160,mariolewis,US,25-34,2021
U0161,robert58,NG,45-54,2009
U0162,ksanchez,US,18-24,2013
U0163,gutierrezcraig,US,18-24,2023
U0164,kennethruiz,CA,25-34,2024
U0165,christinagoodwin,UK,35-44,2023
U0166,perrymichael,BR,45-54,2011
U0167,emilyporter,BR,55+,2021
U0168,longkimberly,US,25-34,2023
U0169,heatherdavis,MX,25-34,2024
U0170,andrewdrake,US,18-24,2005
U0171,danderson,CA,25-34,2019
U0172,xvazquez,US,55+,2024
U0173,hahnjoshua,KR,35-44,2020
U0174,jolsen,US,25-34,2009
U0175,petersdonald,US,25-34,2020
U0176,audrey12,UK,45-54,2007
U0177,wernerraymond,IT,25-34,2014
U0178,brittanyevans,NO,18-24,2017
U0179,usanders,FR,25-34,2014
U0180,mary92,NO,18-24,2018
U0181,skirby,NO,18-24,2009
U0182,karen33,CA,18-24,2017
U0183,stevenskaitlin,US,25-34,2017
U0184,alexander69,JP,35-44,2017
U0185,william11,DE,25-34,2010
U0186,dawnpark,UK,25-34,2011
U0187,khiggins,US,55+,2010
U0188,adavis,FR,35-44,2014
U0189,bmayo,US,25-34,2016
U0190,jfleming,KR,25-34,2012
U0191,jefferywalker,US,45-54,2013
U0192,johnsonstephanie,US,18-24,2010
U0193,jacksonkristen,BR,25-34,2009
U0194,wilsonkimberly,US,45-54,2018
U0195,ashleynelson,US,25-34,2021
U0196,juarezchristopher,AU,35-44,2010
U0197,jessestanton,NO,25-34,2022
U0198,thomaswade,US,35-44,2016
U0199,ndouglas,US,25-34,2008
U0200,amanda14,JP,18-24,2012
U0201,petersenamy,AR,25-34,2005
U0202,christopher01,CA,18-24,2005
U0203,nsnyder,US,45-54,2011
U0204,jonesjohn,US,25-34,2014
U0205,garciaalex,US,25-34,2020
U0206,beth91,US,35-44,2007
U0207,williamslarry,DE,35-44,2021
U0208,patriciajohnson,US,25-34,2009
U0209,hcastaneda,CA,25-34,2007
U0210,cmoon,DE,55+,2018
U0211,waltercarrie,AU,35-44,2020
U0212,kellymartinez,US,45-54,2017
U0213,jonathanwoodard,BR,45-54,2007
U0214,kevin42,FR,35-44,2007
U0215,clarkjames,FR,18-24,2012
U0216,ebrown,US,25-34,2014
U0217,tuckersheila,US,18-24,2024
U0218,harrisamy,KR,35-44,2010
U0219,millerkristin,UK,55+,2008
U0220,wyattnicole,US,25-34,2023
U0221,iwilson,UK,25-34,2008
U0222,aguilarkyle,DE,18-24,2005
U0223,davieskevin,MX,55+,2013
U0224,acaldwell,US,18-24,2013
U0225,tarameyer,KR,18-24,2017
U0226,robertsdavid,US,18-24,2022
U0227,trosales,CA,18-24,2023
U0228,derrick71,AU,25-34,2010
U0229,taraalvarez,US,25-34,2024
U0230,travis46,US,25-34,2017
U0231,cassieallen,UK,18-24,2006
U0232,johnsondana,AR,18-24,2023
U0233,christina16,AU,25-34,2007
U0234,pattonyolanda,KR,18-24,2016
U0235,johnhernandez,BR,35-44,2020
U0236,justin01,UK,18-24,2009
U0237,christopherrogers,JP,25-34,2010
U0238,brett96,US,25-34,2014
U0239,paulrussell,US,25-34,2022
U0240,lisa52,BR,18-24,2009
U0241,gregory74,JP,18-24,2018
U0242,smithcynthia,US,45-54,2014
U0243,tommy17,CA,18-24,2007
U0244,abigail56,AU,25-34,2019
U0245,gmunoz,SE,25-34,2021
U0246,tinajohnson,AU,25-34,2016
U0247,garzacourtney,UK,25-34,2008
U0248,ryan56,UK,35-44,2008
U0249,michaelosborne,UK,45-54,2013
U0250,olivia27,DE,25-34,2015
U0251,bryantpeter,SE,25-34,2016
U0252,kathleenward,UK,18-24,2009
U0253,anthony60,US,25-34,2015
U0254,cjohnson,US,35-44,2010
U0255,carteryolanda,FR,18-24,2018
U0256,daniel30,BR,25-34,2020
U0257,ahicks,US,55+,2018
U0258,jorgecobb,US,18-24,2005
U0259,gstrickland,AU,25-34,2024
U0260,smithdanielle,US,35-44,2005
U0261,mortiz,BR,18-24,2024
U0262,chambersvanessa,US,18-24,2005
U0263,tuckeramanda,US,18-24,2015
U0264,ruizgary,KR,45-54,2007
U0265,martinezmolly,US,18-24,2006
U0266,donaldthomas,US,18-24,2018
U0267,henryhawkins,US,18-24,2019
U0268,alexander47,US,18-24,2007
U0269,michelle83,US,35-44,2024
U0270,zoe99,US,18-24,2011
U0271,anthony41,US,25-34,2011
U0272,barberangela,US,25-34,2010
U0273,hjacobs,AU,45-54,2014
U0274,nathancasey,DE,18-24,2008
U0275,boylemichael,UK,45-54,2013
U0276,mckenziesonya,US,35-44,2009
U0277,james72,CA,18-24,2006
U0278,katieschmidt,NO,35-44,2012
U0279,sandrasmith,SE,45-54,2018
U0280,oroberts,US,25-34,2020
U0281,sue80,US,45-54,2012
U0282,bwarren,US,25-34,2011
U0283,sarasmith,US,35-44,2020
U0284,johnsonkevin,CA,55+,2018
U0285,renee53,UK,25-34,2021
U0286,chris52,US,45-54,2023
U0287,spearsjose,UK,25-34,2021
U0288,zpeters,CA,35-44,2023
U0289,andreathompson,US,35-44,2013
U0290,andrewwalker,BR,18-24,2012
U0291,tyler80,US,25-34,2011
U0292,stevenrichards,KR,25-34,2009
U0293,contrerasconnor,US,18-24,2019
U0294,pking,SE,18-24,2019
U0295,acarlson,NG,25-34,2021
U0296,lisa85,AR,18-24,2008
U0297,robyn59,BR,18-24,2014
U0298,heidi08,JP,35-44,2009
U0299,jacob06,DE,35-44,2022
U0300,dknight,JP,35-44,2010
U0301,michael28,US,25-34,2007
U0302,esmith,CA,45-54,2016
U0303,pricerobert,CA,25-34,2022
U0304,jesusavila,SE,18-24,2023
U0305,scott01,UK,18-24,2006
U0306,cflores,UK,35-44,2011
U0307,odavis,AU,18-24,2008
U0308,ebeck,US,25-34,2011
U0309,briana80,US,55+,2015
U0310,michaelreid,UK,18-24,2010
U0311,james69,UK,18-24,2006
U0312,daniellesweeney,US,55+,2015
U0313,joseph77,UK,25-34,2006
U0314,marcuswalter,UK,18-24,2009
U0315,schmidtemma,US,45-54,2005
U0316,juliesantana,UK,45-54,2006
U0317,jasonhunt,DE,25-34,2013
U0318,hillshawn,US,35-44,2022
U0319,kylecortez,MX,25-34,2020
U0320,john69,NG,18-24,2006
U0321,murphymatthew,UK,25-34,2005
U0322,lcampbell,US,25-34,2011
U0323,cruzmary,CA,35-44,2018
U0324,rsmith,SE,45-54,2019
U0325,miguelbrown,DE,18-24,2021
U0326,jeffreythomas,BR,25-34,2011
U0327,emma45,CA,18-24,2008
U0328,sarahcharles,AU,45-54,2005
U0329,danielle28,US,25-34,2007
U0330,rperez,FR,35-44,2006
U0331,buckdonald,US,25-34,2022
U0332,slong,DE,25-34,2010
U0333,ramoscory,SE,35-44,2021
U0334,stephanie92,US,35-44,2016
U0335,anthonymiller,AU,25-34,2015
U0336,xweaver,US,35-44,2014
U0337,rebeccahoward,FR,55+,2021
U0338,brittanyyoder,US,25-34,2005
U0339,emunoz,KR,25-34,2006
U0340,fostervalerie,US,18-24,2013
U0341,karen31,MX,35-44,2012
U0342,brendaporter,BR,25-34,2015
U0343,amanda50,AU,25-34,2019
U0344,edwardbutler,JP,18-24,2016
U0345,rodriguezjohn,JP,45-54,2010
U0346,jasonmontgomery,MX,25-34,2011
U0347,fmunoz,US,35-44,2020
U0348,smithdebbie,AU,18-24,2009
U0349,jeannewong,US,55+,2015
U0350,jgarcia,AU,18-24,2015
U0351,meaganbennett,US,18-24,2020
U0352,holly18,CA,45-54,2019
U0353,michael94,CA,45-54,2014
U0354,acostabeth,UK,18-24,2011
U0355,jeremymitchell,CA,25-34,2012
U0356,jessica32,JP,35-44,2013
U0357,christophercruz,JP,45-54,2009
U0358,yowens,UK,25-34,2017
U0359,mitchellnicholas,AU,25-34,2009
U0360,pgross,KR,35-44,2017
U0361,vsmith,US,35-44,2020
U0362,mendezsierra,US,35-44,2024
U0363,james91,US,25-34,2007
U0364,santiagoterri,DE,18-24,2020
U0365,tcosta,UK,45-54,2006
U0366,wmorgan,JP,45-54,2011
U0367,donnawong,DE,35-44,2008
U0368,bjones,US,18-24,2008
U0369,angelaunderwood,NO,18-24,2008
U0370,thomas06,JP,35-44,2005
U0371,roblescolleen,US,18-24,2021
U0372,davidjones,UK,55+,2006
U0373,myersconnie,US,25-34,2012
U0374,ojohnson,US,35-44,2018
U0375,nchen,US,45-54,2024
U0376,john23,KR,25-34,2022
U0377,wmartinez,UK,25-34,2007
U0378,charlestaylor,UK,35-44,2024
U0379,deborah56,FR,25-34,2018
U0380,rhondamiller,CA,25-34,2008
U0381,megan94,KR,35-44,2013
U0382,andrewjohnson,JP,55+,2023
U0383,shawnrogers,UK,25-34,2012
U0384,ashleymedina,UK,18-24,2008
U0385,morganwarner,IT,25-34,2022
U0386,clarkjordan,FR,25-34,2024
U0387,carol86,MX,18-24,2024
U0388,isalazar,US,18-24,2024
U0389,ifischer,SE,35-44,2022
U0390,dakota83,AU,25-34,2014
U0391,kgutierrez,US,55+,2008
U0392,khanmatthew,AU,18-24,2017
U0393,samanthataylor,DE,18-24,2009
U0394,garciajoshua,US,35-44,2014
U0395,olsenlinda,UK,45-54,2018
U0396,isabellalong,BR,25-34,2023
U0397,ryanglenn,US,18-24,2010
U0398,monicawood,UK,18-24,2010
U0399,tonyholder,UK,25-34,2019
U0400,sherry33,US,25-34,2005
U0401,xclements,NG,25-34,2016
U0402,wedwards,JP,18-24,2019
U0403,aaustin,US,25-34,2016
U0404,allison84,IT,55+,2012
U0405,rmoore,NO,35-44,2021
U0406,jean10,US,25-34,2012
U0407,richard25,BR,18-24,2019
U0408,benjaminbeth,US,25-34,2014
U0409,imurphy,IT,25-34,2005
U0410,michele20,DE,35-44,2015
U0411,wcannon,DE,45-54,2005
U0412,tliu,US,45-54,2023
U0413,owhite,NO,55+,2017
U0414,jacqueline97,US,55+,2012
U0415,jonathanwiley,US,55+,2014
U0416,charlesjohnston,US,18-24,2017
U0417,samuel50,JP,18-24,2010
U0418,dylangonzalez,US,25-34,2010
U0419,smurray,NG,25-34,2013
U0420,mitchellmichael,DE,18-24,2010
U0421,dsharp,US,45-54,2020
U0422,nathanielshields,US,35-44,2007
U0423,helen07,US,25-34,2021
U0424,harrisdebra,AU,18-24,2011
U0425,claytonchavez,BR,25-34,2016
U0426,kimlee,US,18-24,2008
U0427,heatherhouse,SE,45-54,2012
U0428,levi67,US,25-34,2020
U0429,ccannon,BR,35-44,2010
U0430,fosterrichard,KR,25-34,2007
U0431,emilyallison,JP,25-34,2015
U0432,hgonzalez,DE,25-34,2008
U0433,hintonnicole,BR,35-44,2011
U0434,anthonyavery,US,35-44,2014
U0435,vancejennifer,US,18-24,2016
U0436,wesley42,US,55+,2017
U0437,xmontoya,CA,18-24,2018
U0438,jamesmullins,FR,45-54,2021
U0439,rsweeney,AU,18-24,2006
U0440,yjohnson,SE,25-34,2012
U0441,sheenavazquez,US,45-54,2005
U0442,vjimenez,FR,18-24,2005
U0443,terrypatrick,US,25-34,2009
U0444,danielle49,US,25-34,2016
U0445,pamela92,FR,18-24,2022
U0446,hartmitchell,IT,35-44,2020
U0447,tramirez,AU,45-54,2017
U0448,wilsonjacob,US,45-54,2020
U0449,christy19,AU,25-34,2008
U0450,neilsummers,US,25-34,2021
U0451,jonesrachel,NO,18-24,2022
U0452,peter75,FR,18-24,2006
U0453,fernandezbrandon,US,18-24,2014
U0454,mitchelldanielle,US,55+,2021
U0455,campbelljoseph,US,45-54,2014
U0456,baileypaul,IT,35-44,2021
U0457,charles35,UK,25-34,2023
U0458,alexandrapena,JP,25-34,2014
U0459,zachary37,AU,25-34,2006
U0460,stephen58,CA,25-34,2011
U0461,gonzalezclaudia,US,25-34,2009
U0462,garciarichard,MX,18-24,2014
U0463,patrick71,US,18-24,2016
U0464,crandall,CA,55+,2014
U0465,barry90,DE,25-34,2008
U0466,pamelatyler,DE,55+,2011
U0467,sullivancatherine,MX,18-24,2018
U0468,timothygarcia,US,25-34,2005
U0469,rodriguezzachary,CA,18-24,2009
U0470,zcoleman,UK,25-34,2022
U0471,krodriguez,UK,18-24,2006
U0472,yserrano,US,18-24,2013
U0473,vkelly,US,45-54,2009
U0474,elizabethmoore,US,25-34,2007
U0475,alvarezbobby,US,35-44,2013
U0476,michelle58,UK,25-34,2015
U0477,nicholasscott,AU,25-34,2008
U0478,chapmanrobert,AU,25-34,2006
U0479,ithornton,UK,18-24,2007
U0480,john33,UK,55+,2018
U0481,justinhughes,US,45-54,2022
U0482,clintonwhitehead,AU,35-44,2008
U0483,crogers,US,25-34,2011
U0484,maldonadoamber,US,18-24,2011
U0485,sarah68,UK,55+,2012
U0486,njacobs,UK,25-34,2009
U0487,briggskimberly,US,18-24,2006
U0488,hernandezzachary,CA,25-34,2015
U0489,ericpetersen,CA,35-44,2012
U0490,timothycruz,FR,35-44,2011
U0491,jonathanjones,DE,35-44,2010
U0492,lisa02,DE,35-44,2023
U0493,david85,US,18-24,2017
U0494,ronald30,JP,55+,2013
U0495,ameyers,CA,25-34,2009
U0496,umartinez,UK,35-44,2021
U0497,fowlerkathy,AU,18-24,2022
U0498,angelaespinoza,UK,55+,2005
U0499,stephanieleon,CA,25-34,2023
